Quote,Author,Image file,Source of quote,Image link,Image credit,License type,Topic,Other links,Portrait from another page (same author)
"I am at a loss to figure out how to rid my e-mail of those bottom-feeders of the electronic world, the generators of spam.... If I were Emperor of the World, I would lock all the spammers in a room and force them to watch nothing but TV commercials for the rest of their miserable lives… and I would condemn the people who respond to spammers to do nothing but clean the toilets in this room.","(1937–2011), The Grammar Curmudgeon, a.k.a. ""The Mudge,"" from ""The Curmudgeon Sounds Off: A Plague of Spam,"" July 2004",,Data Comms: E-Communications (dc_e-comms.php),,,,Data Communications,,
"At 16, I started a web development business and had clients from the Netherlands, Caribbean, and across the country - none of whom knew my age because I could conduct all my business with a phone, scanner, and the Internet.",Aaron Patzer,dc_web_development_files\general_image-1132.png,Data Comms: Web Development (dc_web_development.php),https://commons.wikimedia.org/wiki/File:Aaron_Patzer_in_2006.jpg,"Photo by philosophygeek from San Francisco, US (Mint CEO Aaron Patzer) [CC BY-SA 2.0 ], via Wikimedia Commons",CC BY-SA 2.0,Data Communications,,
The problem with internet quotes is that you cannot always depend on their accuracy.,Abraham Lincoln - Public domain image. (Obviously false - Lincoln died looooong before even the first computer was invented),dc_evaluating_sites_files\general_image-1065.png,Data Comms: Evaluating web sites (dc_evaluating_sites.php),,,,Data Communications,,
"Flame wars, trolling, cyberbullying: All the social media dysfunction that is so familiar today came as a disturbing shock in the mideighties.",Adam Fisher,,Data Comms: Netiquette (dc_netiquette.php),,,,Data Communications,,
"The internet is almost as old as Silicon Valley itself, but before the browser was invented, the Valley took the ’net for granted. There were online experiments like The Well, but for most the internet was simply the ether that carried e-mail hither and thither.",Adam Fisher,,Dat Comms: Internet (dc_internet.php),,,,Data Communications,,
"Then Marc Andreessen, an American student working at NCSA, the National Center for Supercomputing Applications at the University of Illinois, built NCSA Mosaic—the first decent web browser.",Adam Fisher,,Data Comms: Browsing and Searching (dc_browsing.php),,,,Data Communications,,
Imagine a world where everything that can be connected will be connected - where driverless cars talk to smart transportation networks and where wireless sensors can monitor your health and transmit data to your doctor. That's a snapshot of what the 5G world will look like.,Ajit Pai,dc_communications_media_files\general_image-1590.png,Data Comms: Media (dc_communications_media.php),,"Photo by FCC [Public domain], via Wikimedia Commons",Public domain,Data Communications,,
"Next-generation networks are hard to build. It takes a lot of money and effort to lay fiber, install wireless infrastructure, build satellite earth stations, and more. It also requires a reasonably certain business case for deployment, which is all too often hard to prove in parts of the country with sparse population and/or lower incomes.",Ajit Pai,dc_communications_media_files\general_image-1587.png,Data Comms: Media (dc_communications_media.php),,"Photo by FCC [Public domain], via Wikimedia Commons",Public domain,Data Communications,,
"Nowadays, anyone who cannot speak English and is incapable of using the Internet is regarded as backward.",Al-Waleed bin Talal,dc_internet_files\general_image-1794.png,Dat Comms: Internet (dc_internet.php),https://commons.wikimedia.org/wiki/File:Al_Waleed_bin_Talal_2015.jpg,"Photo by Hamit erik [CC BY-SA 4.0 ], via Wikimedia Commons",CC BY-SA 4.0,Data Communications,,
A lot of people think the internet appeared in the nineties. It started in 1969.,Alan Kay,dc_internet_files\general_image-1776.png,Dat Comms: Internet (dc_internet.php),"https://commons.wikimedia.org/wiki/File:Alan_Kay_and_the_prototype_of_Dynabook,_pt._5_(3010032738).jpg","Photo by Marcin Wichary from San Francisco, U.S.A. (Alan Kay and the prototype of Dynabook, pt. 5) [CC BY 2.0 ], via Wikimedia Commons",CC BY 2.0,Data Communications,,
"Cloud computing eliminates capital expenditure, so you can go global very quickly - you don't have to have extensive servers in every country.",Alan Patricof,dc_internet_files\general_image-1413.png,Dat Comms: Internet (dc_internet.php),https://www.flickr.com/photos/internetweek/17504033374,Photo Flikr,,Data Communications,,
"The first thing you learn when you're blogging is that people are one click away from leaving you. So you've got to get to the point, you can't waste people's time, you've got to give them some value for their limited attention span.",Alex Tabarrok,dc_e-comms_files\general_image-3623.png,Data Comms: E-Communications (dc_e-comms.php),https://commons.wikimedia.org/wiki/File:Alex_Tabarrok_speaking_at_TED_in_2009.jpg,"Photo by Bill Holsinger-Robinson (IMG_2580) [CC BY 2.0 ], via Wikimedia Commons",CC BY 2.0,Data Communications,,
"If Web users do not get a response in seven seconds, then the user’s attention could be lost forever.","Andrew Holdsworth, Oracle 9i Database Performance Planning",,Data Comms: WWW (dc_www.php),,,,Data Communications,,
Privacy is one of the biggest problems in this new electronic age.,Andy Grove,dc_e-comms_files\general_image-1078.png,Data Comms: E-Communications (dc_e-comms.php),https://commons.wikimedia.org/wiki/File:Intel_CEOs_Gordon_Moore_Craig_Barrett_Andy_Grove_Paul_Otellini.jpg,"Photo by Intel Free Press [CC BY-SA 2.0], via Wikimedia Commons",CC BY-SA 2.0,Data Communications,,
"RSS, as a format and an idea, grew directly out of an internet culture that many people online today know nothing about: Usenet.",Annalee Newitz,dc_e-comms_files\general_image-3598.png,Data Comms: E-Communications (dc_e-comms.php),https://commons.wikimedia.org/wiki/File:Annalee_Newitz.jpg,Photo Wikimedia Commons,,Data Communications,,
"I can look into someone's eyes and feel like I know her better, versus a phone call, where you can't get that same type of emotion. That's why text messaging gets you in trouble: You can't bond, and emoticons explain only so much.",Apolo Ohno,dc_e-comms_files\general_image-3012.png,Data Comms: E-Communications (dc_e-comms.php),https://www.flickr.com/photos/seattlemunicipalarchives/40171986641,Photo Flikr CC 2 Attribution license,Attribution license,Data Communications,,
"It's too difficult to convey tone in electronic communication. And we can solve this my friends. All we need is some new fonts. 'Great party Arj. Best party ever.' ""What a jerk! "" How do you know he wasn't being sincere, Arj? Because he wrote it in Sarcastica! If he had enjoyed himself, he would have used Good Times Roman.",Arj Barker,dc_netiquette_files\general_image-1072.png,Data Comms: Netiquette (dc_netiquette.php),https://commons.wikimedia.org/wiki/File:Arj_Barker_@_Sir_Stewart_Bovell_Park_(7_1_12)_(6693046301).jpg,"Photo by Stuart Sevastos (Arj Barker @ Sir Stewart Bovell Park (7/1/12)) [CC BY 2.0 ], via Wikimedia Commons",CC BY 2.0,Data Communications,,
"Before you become too entranced with gorgeous gadgets and mesmerizing video displays, let me remind you that information is not knowledge, knowledge is not wisdom, and wisdom is not foresight. Each grows out of the other, and we need them all.",Arthur C Clarke,dc_www_files\general_image-1084.png,Data Comms: WWW (dc_www.php),"https://www.flickr.com/photos/itupictures/16636142906,","Photo by By ITU Pictures - https://www.flickr.com/photos/itupictures/16636142906, CC BY 2.0, https://commons.wikimedia.org/w/index.php?curid=64344486",CC BY 2.0,Data Communications,https://commons.wikimedia.org/w/index.php?curid=64344486,
"There is some argument about who actually invented text messaging, but I think it's safe to say it was a man. Multiple studies have shown that the average man uses about half as many words per day as women, thus text messaging. It eliminates hellos and goodbyes and cuts right to the chase.",Ashton Kutcher,dc_e-comms_files\general_image-3006.png,Data Comms: E-Communications (dc_e-comms.php),https://commons.wikimedia.org/wiki/File:Ashton_Kutcher_by_David_Shankbone.jpg,"Photo by David Shankbone (David Shankbone) [CC BY 2.0 ], via Wikimedia Commons",CC BY 2.0,Data Communications,,
A journey of a thousand sites begins with a single click.,Author Unknown,,Data Comms: Browsing and Searching (dc_browsing.php),,,,Data Communications,,
Hooked on Internet? Help is a just a click away.,Author Unknown,,Data Comms: Browsing and Searching (dc_browsing.php),,,,Data Communications,,
On Twitter we get excited if someone follows us. In real life we get really scared and run away.,Author Unknown,,Data Comms: E-Communications (dc_e-comms.php),,,,Data Communications,,
"YouTube, Twitter, and Facebook, are merging. The new program will be called YouTwitFace.",Author Unknown,,Data Comms: E-Communications (dc_e-comms.php),,,,Data Communications,,
"Everyone and his Big Brother wants to log your browsing habits, the better to build a profile of who you are and how you live your life - online and off. Search engine companies offer a benefit in return: more relevant search results. The more they know about you, the better they can tailor information to your needs.",Barton Gellman,,Data Comms: Browsing and Searching (dc_browsing.php),,,,Data Communications,,
The greatest thing about the internet is that you can quote something and just totally make up the source.,Benjamin Franklin,dc_evaluating_sites_files\general_image-1077.png,Data Comms: Evaluating web sites (dc_evaluating_sites.php),https://commons.wikimedia.org/wiki/File:Franklin-Benjamin-LOC.jpg,"By Joseph Duplessis [Public domain], via Wikimedia Commons(Obviously false - Franklin died looooong before even the first computer was invented)",Public domain,Data Communications,,
Being flooded with information doesn't mean we have the right information or that we're in touch with the right people.,Bill Gates,dc_evaluating_sites_files\general_image-1080.png,Data Comms: Evaluating web sites (dc_evaluating_sites.php),https://commons.wikimedia.org/wiki/File:Bill_Gates_July_2014.jpg,"Photo by DFID - UK Department for International Development (https://www.flickr.com/photos/dfid/14590135480/) [CC BY 2.0], via Wikimedia Commons",CC BY 2.0,Data Communications,https://www.flickr.com/photos/dfid/14590135480/,
"Like almost everyone who uses e-mail, I receive a ton of spam every day. Much of it offers to help me get out of debt or get rich quick. It would be funny if it weren't so exciting.",Bill Gates,dc_e-comms_files\general_image-3775.png,Data Comms: E-Communications (dc_e-comms.php),https://commons.wikimedia.org/wiki/File:Bill_Gates_July_2014.jpg,"Photo by DFID - UK Department for International Development (https://www.flickr.com/photos/dfid/14590135480/) [CC BY 2.0], via Wikimedia Commons",CC BY 2.0,Data Communications,https://www.flickr.com/photos/dfid/14590135480/,
"SPAM is taking e-mail, which is a wonderful tool, and exploiting the idea that it's very inexpensive to send mail.",Bill Gates,dc_e-comms_files\general_image-3778.png,Data Comms: E-Communications (dc_e-comms.php),https://commons.wikimedia.org/wiki/File:Bill_Gates_July_2014.jpg,"Photo by DFID - UK Department for International Development (https://www.flickr.com/photos/dfid/14590135480/) [CC BY 2.0], via Wikimedia Commons",CC BY 2.0,Data Communications,https://www.flickr.com/photos/dfid/14590135480/,
The Internet is becoming the town square for the global village of tomorrow.,Bill Gates,dc_internet_files\general_image-1082.png,Dat Comms: Internet (dc_internet.php),https://commons.wikimedia.org/wiki/File:Bill_Gates_July_2014.jpg,"Photo by DFID - UK Department for International Development (https://www.flickr.com/photos/dfid/14590135480/) [CC BY 2.0], via Wikimedia Commons",CC BY 2.0,Data Communications,https://www.flickr.com/photos/dfid/14590135480/,
"The first step in mobility was about letting people speak to each other; then, through 3G and 4G, we saw real connectivity - which works but isn't really designed for quality streaming. With 5G, we won't just be able to communicate better: it will democratise machines.",Borje Ekholm,,Data Comms: Media (dc_communications_media.php),,,,Data Communications,,
"WhatsApp provides phone-number-based messaging, and people asked, 'Isn't that what SMS is?' Yes, but SMS is expensive, antiquated, and what WhatsApp did was modernize and level that playing field. For example, in Europe, if France wants to talk to Belgium, it's extraordinary costly because of border and telecom charges.",Brian Acton,,Data Comms: E-Communications (dc_e-comms.php),,,,Data Communications,,
Don’t focus on having a great blog. Focus on producing a blog that’s great for your readers.,Brian Clark,dc_e-comms_files\general_image-3617.png,Data Comms: E-Communications (dc_e-comms.php),https://www.flickr.com/photos/toprankblog/2873751883,Photo by Toprank Marketing - Flikr,,Data Communications,,
"Video games and YouTube.com are creatively booming, even though Web design, as demonstrated by the ugly clutter of most major news sites, is in the pits.",Camille Paglia,dc_web_development_files\general_image-1120.png,Data Comms: Web Development (dc_web_development.php),https://commons.wikimedia.org/wiki/File:Camille_Paglia_no_Fronteiras_do_Pensamento_S%C3%A3o_Paulo_2015_(21440796269).jpg,"Photo by Fronteiras do Pensamento [CC BY-SA 2.0 ], via Wikimedia Commons",CC BY-SA 2.0,Data Communications,,
When you can type a few words into a search engine and land on your topic - or when you can scan a Shakespeare play for specific words or symbols - what opportunities might you miss to expand your thinking in unexpected ways?,Christina Baker Kline,dc_browsing_files\general_image-1297.png,Data Comms: Browsing and Searching (dc_browsing.php),https://commons.wikimedia.org/wiki/File:Author_Christina_Baker_Kline_at_KPL_(25504112271).jpg,"Photo by Kalamazoo Public Library from Kalamazoo, United States (Author Christina Baker Kline @ KPL) [No restrictions or Public domain], via Wikimedia Commons",No restrictions or Public domain,Data Communications,,
Communications tools don't get socially interesting until they get technologically boring.,"Clay Shirky, Here Comes Everybody: The Power of Organizing Without Organizations",dc_e-comms_files\general_image-2765.png,Data Comms: E-Communications (dc_e-comms.php),https://commons.wikimedia.org/wiki/File:Etech05_Clay2.jpg,"Photo by James Duncan Davidson from Portland, USA (Flickr) [CC BY 2.0], via Wikimedia Commons",CC BY 2.0,Data Communications,,
Electronic communication is an instantaneous and illusory contact that creates a sense of intimacy without the emotional investment that leads to close friendships.,Clifford Stoll,,Data Comms: E-Communications (dc_e-comms.php),,,,Data Communications,,
"If you don't have an E-mail address, you're in the Netherworld. If you don't have your own World Wide Web page, you're a nobody.",Clifford Stoll,,Data Comms: E-Communications (dc_e-comms.php); Data Comms: WWW (dc_www.php),,,,Data Communications,,
"Spending an evening on the World Wide Web is much like sitting down to a dinner of Cheetos... two hours later your fingers are yellow and you're no longer hungry, but you haven't been nourished.",Clifford Stoll,,Data Comms: Browsing and Searching (dc_browsing.php),,,,Data Communications,,
"The problem is that with blogging, the model is publish first, maybe fact-check later. In newspapers, the model is you fact check first and then publish. But those models are merging.",Craig Newmark,dc_e-comms_files\general_image-3620.png,Data Comms: E-Communications (dc_e-comms.php),https://commons.wikimedia.org/wiki/File:Craig_Newmark_by_Pete_Forsyth.jpg,"Photo by Pete Forsyth, Wiki Strategies [CC BY 4.0 ], from Wikimedia Commons",CC BY 4.0,Data Communications,https://wikistrategies.net/pete-forsyth,
"I have an almost religious zeal — not for technology per se, but for the Internet which is for me, the nervous system of mother Earth, which I see as a living creature, linking up.",Dan Millman,,Dat Comms: Internet (dc_internet.php),,,,Data Communications,,
"LinkedIn is very good for browsing relationships and hooking into your contacts' networks. It re-connected me with high-level execs I hadn't talked to for some time, who then helped me close various deals.",Danah Boyd,dc_e-comms_files\general_image-2952.png,Data Comms: E-Communications (dc_e-comms.php),https://commons.wikimedia.org/wiki/File:Dboyd-3.jpg,"Photo commissioned by boyd (http://www.danah.org/images/danah/iSchool3.jpg) [CC BY-SA 4.0 ], via Wikimedia Commons",CC BY-SA 4.0,Data Communications,http://www.danah.org/images/danah/iSchool3.jpg,
"If you're making a bunch of little decisions - like: do I read this email now or later? Do I file it? Do I forward it? Do I have to get more information? Do I put it in the spam folder? - that's a handful of decisions right there, and you haven't done anything meaningful. It puts us into a brain state of decision fatigue.",Daniel Levitin,dc_e-comms_files\general_image-1811.png,Data Comms: E-Communications (dc_e-comms.php),https://commons.wikimedia.org/wiki/File:Levitin.jpg,"Photo by Arsenio Corôa (http://daniellevitin.com/publicpage/press-kit/) [CC BY 3.0], via Wikimedia Commons",CC BY 3.0,Data Communications,http://daniellevitin.com/publicpage/press-kit/,
"Twitter as a personalized graffiti wall; pithy aphorisms simmer in the subconscious, bubble up in a new blaze of dayglow calligraphy.","David J. Beard (1947–2016), 2007 December 10th",,Data Comms: E-Communications (dc_e-comms.php),,,,Data Communications,,
Sometimes I think opposable thumbs were invented so teenage girls could use text messaging.,Diane Lane,dc_e-comms_files\general_image-3003.png,Data Comms: E-Communications (dc_e-comms.php),https://commons.wikimedia.org/wiki/File:Diane_Lane_(Berlin_Film_Festival_2011)_2.jpg,"Photo by Siebbi (cropped version of ipernity.com) [CC BY 3.0 ], via Wikimedia Commons",CC BY 3.0,Data Communications,,
"The Internet destroyed most of the barriers to publication. The cost of being a publisher dropped to almost zero with two interesting immediate results: anybody can publish, and more importantly, you can publish whatever you want.",Dick Costolo,dc_evaluating_sites_files\general_image-1083.png,Data Comms: Evaluating web sites (dc_evaluating_sites.php),https://commons.wikimedia.org/wiki/File:Dick_Costolo_(8000963921).jpg,"Photo by Financial Times (Dick Costolo) [CC BY 2.0 ], via Wikimedia Commons",CC BY 2.0,Data Communications,,
"Everyone talks about how we're on our phones all the time, but the fact remains that when I'm away on a film set for two months, I can Skype my family. I remember the phone calls my parents had to make when my dad was away for a while when I was younger - that once-a-week expensive phone call! The time pressure on talking to your father!",Domhnall Gleeson,dc_e-comms_files\general_image-2771.png,Data Comms: E-Communications (dc_e-comms.php),https://commons.wikimedia.org/wiki/File:Domhnall_Gleeson_by_Gage_Skidmore.jpg,"Photo Gage Skidmore [CC BY-SA 3.0], from Wikimedia Commons",CC BY-SA 3.0,Data Communications,,
"No matter how well you know the rules of netiquette, you will eventually offend someone who doesn't.",Don Rittner,,Data Comms: Netiquette (dc_netiquette.php),,,,Data Communications,,
We have never really had absolute privacy with our records or our electronic communications - government agencies have always been able to gain access with appropriate court orders.,Dorothy E. Denning,dc_e-comms_files\general_image-1069.png,Data Comms: E-Communications (dc_e-comms.php),https://commons.wikimedia.org/wiki/File:Dorothy-Denning-Feb2013-head.jpg,"Photo by Unknown photographer, US Navy (http://faculty.nps.edu/dedennin/) [Public domain], via Wikimedia Commons",Public domain,Data Communications,http://faculty.nps.edu/dedennin/,
"First we thought the PC was a calculator. Then we found out how to turn numbers into letters with ASCII — and we thought it was a typewriter. Then we discovered graphics, and we thought it was a television. With the World Wide Web, we’ve realized it’s a brochure.",Douglas Adams,dc_www_files\general_image-1066.png,Data Comms: WWW (dc_www.php),,"Photo: By michael hughes from Berlin, Germany (Douglas Adams Uploaded by Diaa_abdelmoneim) [CC BY-SA 2.0 (https://creativecommons.org/licenses/by-sa/2.0)], via Wikimedia Commons",CC BY-SA 2.0,Data Communications,,
"In a faraway land called 'pre-2000,' what Earthlings now call blogging was called 'keeping a diary.' It's hard work to do well. I tried doing it in the early 1990s but had to stop because I no longer had a life - instead I had this thing that generated anecdotes to go into my diary. The diary took over and I had to stop.",Douglas Coupland,dc_e-comms_files\general_image-3796.png,Data Comms: E-Communications (dc_e-comms.php),https://commons.wikimedia.org/wiki/File:Douglas_Coupland_Photo_of_Author.jpg,"By Douglas Coupland [CC BY-SA 3.0 ], via Wikimedia Commons",CC BY-SA 3.0,Data Communications,,
"Digital technology is both arousing and distancing. We don't look at the users on the other side as people. They aren't - they're just usernames, Facebook photos and Twitter handles.",Douglas Rushkoff,dc_e-comms_files\general_image-2991.png,Data Comms: E-Communications (dc_e-comms.php),https://commons.wikimedia.org/wiki/File:Douglas_Rushkoff.jpg,"Photo by FRONT from Belfast, Northern Ireland (Doug RushkoffUploaded by The Earwig) [CC BY 2.0], via Wikimedia Commons",CC BY 2.0,Data Communications,,
"Everyone knows, or should know, that everything we type on our computers or say into our cell phones is being disseminated throughout the datasphere. And most of it is recorded and parsed by big data servers. Why do you think Gmail and Facebook are free? You think they're corporate gifts? We pay with our data.",Douglas Rushkoff,dc_e-comms_files\general_image-3760.png,Data Comms: E-Communications (dc_e-comms.php),https://commons.wikimedia.org/wiki/File:Douglas_Rushkoff.jpg,"Photo by FRONT from Belfast, Northern Ireland (Doug RushkoffUploaded by The Earwig) [CC BY 2.0], via Wikimedia Commons",CC BY 2.0,Data Communications,,
"Just as infinite access to free music ultimately leads to no one making a living at music anymore, free journalism just doesn't pay for itself - particularly not when a search engine is serving all the ads.",Douglas Rushkoff,dc_browsing_files\general_image-1307.png,Data Comms: Browsing and Searching (dc_browsing.php),https://commons.wikimedia.org/wiki/File:Douglas_Rushkoff.jpg,"Photo by FRONT from Belfast, Northern Ireland (Doug RushkoffUploaded by The Earwig) [CC BY 2.0], via Wikimedia Commons",CC BY 2.0,Data Communications,,
"Most of us still haven't grasped the fact that everything we commit to the digital space - not just our public blogs and broadcast tweets, but every private text message, email, and voicemail is likely to be stored and accessible. Forever.",Douglas Rushkoff,dc_e-comms_files\general_image-3757.png,Data Comms: E-Communications (dc_e-comms.php),https://commons.wikimedia.org/wiki/File:Douglas_Rushkoff.jpg,"Photo by FRONT from Belfast, Northern Ireland (Doug RushkoffUploaded by The Earwig) [CC BY 2.0], via Wikimedia Commons",CC BY 2.0,Data Communications,,
"The cloud is still really just a bunch of servers, owned by someone or something, whose decisions and competence must be trusted. This applies to everything from Google Docs to Gmail: Putting our data out there really means putting it 'out there.'",Douglas Rushkoff,dc_internet_files\general_image-1383.png,Dat Comms: Internet (dc_internet.php),https://commons.wikimedia.org/wiki/File:Douglas_Rushkoff.jpg,"Photo by FRONT from Belfast, Northern Ireland (Doug RushkoffUploaded by The Earwig) [CC BY 2.0], via Wikimedia Commons",CC BY 2.0,Data Communications,,
"The early cyberpunk idea was that networked computers would let us do our work at home, as freelancers, and then transact directly with peers over networks.",Douglas Rushkoff,dc_types_of_networks_files\general_image-70.png,Data Comms: Types of Networks (dc_types_of_networks.html),https://commons.wikimedia.org/wiki/File:Douglas_Rushkoff.jpg,"Photo by FRONT from Belfast, Northern Ireland (Doug RushkoffUploaded by The Earwig) [CC BY 2.0], via Wikimedia Commons",CC BY 2.0,Data Communications,,
The hours Facebook users put into their profiles and lists and updates is the labor that Facebook then sells to the market researchers and advertisers it serves.,Douglas Rushkoff,dc_e-comms_files\general_image-3754.png,Data Comms: E-Communications (dc_e-comms.php),https://commons.wikimedia.org/wiki/File:Douglas_Rushkoff.jpg,"Photo by FRONT from Belfast, Northern Ireland (Doug RushkoffUploaded by The Earwig) [CC BY 2.0], via Wikimedia Commons",CC BY 2.0,Data Communications,,
"Web sites are designed to keep young people from using the keyboard, except to enter in their parents' credit card information.",Douglas Rushkoff,dc_web_development_files\general_image-1123.png,Data Comms: Web Development (dc_web_development.php),https://commons.wikimedia.org/wiki/File:Douglas_Rushkoff.jpg,"Photo by FRONT from Belfast, Northern Ireland (Doug RushkoffUploaded by The Earwig) [CC BY 2.0], via Wikimedia Commons",CC BY 2.0,Data Communications,,
"Your email inbox is a bit like a Las Vegas roulette machine. You know, you just check it and check it, and every once in a while there's some juicy little tidbit of reward, like the three quarters that pop down on a one-armed bandit. And that keeps you coming back for more.",Douglas Rushkoff,dc_e-comms_files\general_image-1826.png,Data Comms: E-Communications (dc_e-comms.php),https://commons.wikimedia.org/wiki/File:Douglas_Rushkoff.jpg,"Photo by FRONT from Belfast, Northern Ireland (Doug RushkoffUploaded by The Earwig) [CC BY 2.0], via Wikimedia Commons",CC BY 2.0,Data Communications,,
I do love email. Wherever possible I try to communicate asynchronously. I'm really good at email.,Elon Musk,dc_e-comms_files\general_image-1823.png,Data Comms: E-Communications (dc_e-comms.php),https://commons.wikimedia.org/wiki/File:Elon_Musk_2015.jpg,"Photo by Steve Jurvetson [CC BY 2.0], via Wikimedia Commons",CC BY 2.0,Data Communications,,
"The Internet is the first thing that humanity has built that humanity doesn't understand, the largest experiment in anarchy that we have ever had.",Eric Schmidt,dc_internet_files\general_image-1070.png,Dat Comms: Internet (dc_internet.php),,"Photo by JD Lasica from Pleasanton, CA, US (Eric Schmidt) [CC BY 2.0 (https://creativecommons.org/licenses/by/2.0)], via Wikimedia Commons",CC BY 2.0,Data Communications,,
There's nothing that cannot be found through some search engine or on the Internet somewhere.,Eric Schmidt,dc_browsing_files\general_image-1288.png,Data Comms: Browsing and Searching (dc_browsing.php),,"Photo by JD Lasica from Pleasanton, CA, US (Eric Schmidt) [CC BY 2.0 (https://creativecommons.org/licenses/by/2.0)], via Wikimedia Commons",CC BY 2.0,Data Communications,,
"The Internet is like alcohol in some sense. It accentuates what you would do anyway. If you want to be a loner, you can be more alone. If you want to connect, it makes it easier to connect.”",Esther Dyson,dc_internet_files\general_image-1094.png,Dat Comms: Internet (dc_internet.php),https://commons.wikimedia.org/wiki/File:Esther_Dyson-20050316.jpg,"Photo by James Duncan Davidson from Portland, USA (Etech05: Esther) [CC BY 2.0], via Wikimedia Commons",CC BY 2.0,Data Communications,,
A world where everyone creates content gets confusing pretty quickly without a good search engine.,Ethan Zuckerman,dc_browsing_files\general_image-1285.png,Data Comms: Browsing and Searching (dc_browsing.php),,,,Data Communications,,
"Every major communication tool on the Internet has spam and abuse problems. All email services, blogging services and social networks have to dedicate a significant amount of resources and time to fighting abuse and protecting their users.",Evan Williams,dc_e-comms_files\general_image-2994.png,Data Comms: E-Communications (dc_e-comms.php),https://commons.wikimedia.org/wiki/File:Evan_Williams_(2).jpg,"Photo by Joi [CC BY 2.0 ], via Wikimedia Commons",CC BY 2.0,Data Communications,,
Cloud computing is a great euphemism for centralization of computer services under one server.,Evgeny Morozov,dc_internet_files\general_image-1392.png,Dat Comms: Internet (dc_internet.php),https://en.wikipedia.org/wiki/Evgeny_Morozov#/media/File:Evgeny_Morozov_-_Wer_kann_die_neue_Zukunft_machen%3F_(17333061348).jpg,Photo from Wikimedia Commons,,Data Communications,,
"No grand idea was ever born in a conference, but a lot of foolish ideas have died there.",F. Scott Fitzgerald,dc_e-comms_files\general_image-2774.png,Data Comms: E-Communications (dc_e-comms.php),https://commons.wikimedia.org/wiki/File:F_Scott_Fitzgerald_1921.jpg,"Photo by The World's Work (The World's Work (June 1921), p. 192) [Public domain], via Wikimedia Commons",Public domain,Data Communications,,
"If someone had protected the HTML language for making Web pages, then we wouldn't have the World Wide Web.",Feng Zhang,dc_www_files\general_image-1075.png,Data Comms: WWW (dc_www.php),https://zh.wikipedia.org/zh-sg/File:Fzhang_at_summit.jpg,Photo: https://zh.wikipedia.org/zh-sg/File:Fzhang_at_summit.jpg,,Data Communications,,
Google is arguably one of the greatest inventions. The search engine is one of the greatest inventions in human history.,Franklin Foer,,Data Comms: Browsing and Searching (dc_browsing.php),,,,Data Communications,,
Social media is not a fad because it’s human.,Gary Vaynerchuk,dc_e-comms_files\general_image-3766.png,Data Comms: E-Communications (dc_e-comms.php),https://commons.wikimedia.org/wiki/File:Gary_Vaynerchuk_public_domain.jpg,"Photo Vaynermedia [CC0], via Wikimedia Commons",CC0,Data Communications,,
Information on the Internet is subject to the same rules and regulations as conversation at a bar.,George Lundberg,,Dat Comms: Internet (dc_internet.php),,,,Data Communications,,
"Where the Internet is about availability of information, blogging is about making information creation available to anyone.",George Siemens,dc_e-comms_files\general_image-3790.png,Data Comms: E-Communications (dc_e-comms.php),https://commons.wikimedia.org/wiki/File:George_Siemens_at_TEDxNYED.jpg,"Photo by George_Siemens,_David_A._Wiley,_and_Michael_Wesch_at_TEDxNYED.jpg: SpecialKRBderivative work: Mike Linksvayer [CC BY 2.0 ], via Wikimedia Commons",CC BY 2.0,Data Communications,,
"Freedom of Speech doesn't justify online bullying. Words have power, be careful how you use them.",Germany Kent,dc_netiquette_files\general_image-1069.png,Data Comms: Netiquette (dc_netiquette.php),https://commons.wikimedia.org/wiki/File:Germany_Kent_Media_Personality_Author.jpg,"Photo by Star Stone Press [CC BY-SA 4.0 ], from Wikimedia Commons",CC BY-SA 4.0,Data Communications,,
"If you are on social media, and you are not learning, not laughing, not being inspired or not networking, then you are using it wrong.",Germany Kent,dc_e-comms_files\general_image-2939.png,Data Comms: E-Communications (dc_e-comms.php),https://commons.wikimedia.org/wiki/File:Germany_Kent_Media_Personality_Author.jpg,"Photo by Star Stone Press [CC BY-SA 4.0 ], from Wikimedia Commons",CC BY-SA 4.0,Data Communications,,
"Turn off your email; turn off your phone; disconnect from the Internet; figure out a way to set limits so you can concentrate when you need to, and disengage when you need to. Technology is a good servant but a bad master.",Gretchen Rubin,dc_e-comms_files\general_image-1820.png,Data Comms: E-Communications (dc_e-comms.php),https://www.flickr.com/photos/linkedineditors/16623369441,Photo from Flikr,,Data Communications,,
"There are three kinds of death in this world. There's heart death, there's brain death, and there's being off the network.",Guy Almes,,Data Comms: Types of Networks (dc_types_of_networks.html),,,,Data Communications,,
To hide behind a computer and an anonymous persona to spew hate at another person is despicable.,Heather Dubrow,,Data Comms: E-Communications (dc_e-comms.php),,,,Data Communications,,
"Unlike with the majority of library books, when you enter a term into a search engine there is no guarantee that what you will find is authoritative, accurate or even vaguely true.",Howard Rheingold,dc_browsing_files\general_image-1270.png,Data Comms: Browsing and Searching (dc_browsing.php); Data Comms: Evaluating web sites (dc_evaluating_sites.php),https://commons.wikimedia.org/wiki/File:Howard_Rheingold_(5).jpg,"Photo by Joi [CC BY 2.0 ], via Wikimedia Commons",CC BY 2.0,Data Communications,,
"Nowadays, everybody assumes, when they wake up in the morning, if they have a question, it will get answered. Because they have the internet. No matter what the question is, someone will answer their question.",Jack White,dc_www_files\general_image-1087.png,Data Comms: WWW (dc_www.php),https://www.flickr.com/photos/botellitadecielo/7920936616,Photo: https://www.flickr.com/photos/botellitadecielo/7920936616,,Data Communications,,
"YouTube is, at the end of the day, a search engine... that's why Google bought it.",Jake Paul,dc_browsing_files\general_image-1310.png,Data Comms: Browsing and Searching (dc_browsing.php),https://commons.wikimedia.org/wiki/File:Jake_Paul_on_Web_Summit_2016.jpg,"Photo by Web Summit (DSC_3766) [CC BY 2.0 ], via Wikimedia Commons",CC BY 2.0,Data Communications,,
"Cloud computing offers individuals access to data and applications from nearly any point of access to the Internet, offers businesses a whole new way to cut costs for technical infrastructure, and offers big computer companies a potentially giant market for hardware and services.",Jamais Cascio,dc_internet_files\general_image-1401.png,Dat Comms: Internet (dc_internet.php),https://commons.wikimedia.org/wiki/File:Jamais_Cascio_2015.jpg,"Photo by Jamais Cascio [CC BY 2.0 ], via Wikimedia Commons",CC BY 2.0,Data Communications,,
"When someone sends you an email, they are knocking on your door. And when you open the attachment, without looking through the peephole to see who it is, you just opened the door and let a stranger into your life, where everything you care about is.",James Comey,dc_e-comms_files\general_image-1835.png,Data Comms: E-Communications (dc_e-comms.php),https://commons.wikimedia.org/w/index.php?curid=28606868,"Photo by Federal Bureau of Investigation - http://www.fbi.gov/, Public Domain, Link",Public Domain,Data Communications,"https://web.archive.org/web/20131001173911/http://www.fbi.gov/about-us/executives/image/director-james-b.-comey-high-res; http://www.fbi.gov/,",
"The mass culture of childhood right now is astonishingly technical. Little kids know their Unix path punctuation so they can get around the Web, and they know their HTML and stuff. It's pretty shocking to me.",Jaron Lanier,dc_web_development_files\general_image-1111.png,Data Comms: Web Development (dc_web_development.php),https://commons.wikimedia.org/wiki/File:Jaron_Lanier_1.jpg,"Photo by vanz [CC BY 2.0 ], via Wikimedia Commons",CC BY 2.0,Data Communications,,
"I believe that social media's greatest gift is in providing every person the forum to be themselves, speak their heart & soul.",Jeb Dickerson,,Data Comms: E-Communications (dc_e-comms.php),,,,Data Communications,,
"CSS is the design language of the web, and it is not as easy to use as it ought to be, and it can be confusing, especially if you are new to it.",Jeffrey Zeldman,dc_web_development_files\general_image-1114.png,Data Comms: Web Development (dc_web_development.php),https://commons.wikimedia.org/wiki/File:Jeffrey_Zeldman_onstage_at_An_Event_Apart.jpg,"Photo by Tony Quartarolo (http://www.zeldman.com/about/) [CC BY 3.0 ], via Wikimedia Commons",CC BY 3.0,Data Communications,http://www.zeldman.com/about/,
"I was in love with HTML and certain that the whole world was about to learn it, ushering in a new era of DIY media, free expression, peace and democracy and human rights worldwide.",Jeffrey Zeldman,dc_web_development_files\general_image-1108.png,Data Comms: Web Development (dc_web_development.php),https://commons.wikimedia.org/wiki/File:Jeffrey_Zeldman_onstage_at_An_Event_Apart.jpg,"Photo by Tony Quartarolo (http://www.zeldman.com/about/) [CC BY 3.0 ], via Wikimedia Commons",CC BY 3.0,Data Communications,http://www.zeldman.com/about/,
"Many thought it was a fool's errand - that the browser companies were never going to listen to us. Others argued that, 'Users don't care if you use Web standards.' Well, of course they don't. They just know that your site works better.",Jeffrey Zeldman,dc_w3c_icann_files\general_image-1196.png,Data Comms: W3C & ICANN (dc_w3c_icann.php),https://commons.wikimedia.org/wiki/File:Jeffrey_Zeldman_onstage_at_An_Event_Apart.jpg,"Photo by Tony Quartarolo (http://www.zeldman.com/about/) [CC BY 3.0 ], via Wikimedia Commons",CC BY 3.0,Data Communications,http://www.zeldman.com/about/,
"We said browsers should support the same standards instead of competing to invent new tags and scripting languages. We said designers, developers, and content folks should create one site that was accessible to everyone.",Jeffrey Zeldman,dc_w3c_icann_files\general_image-1193.png,Data Comms: W3C & ICANN (dc_w3c_icann.php),https://commons.wikimedia.org/wiki/File:Jeffrey_Zeldman_onstage_at_An_Event_Apart.jpg,"Photo by Tony Quartarolo (http://www.zeldman.com/about/) [CC BY 3.0 ], via Wikimedia Commons",CC BY 3.0,Data Communications,http://www.zeldman.com/about/,
"The Internet is not just one thing, it's a collection of things — of numerous communications networks that all speak the same digital language.",Jim Clark,,Dat Comms: Internet (dc_internet.php),,,,Data Communications,,
I'd rather have a search engine or a compiler on a deserted island than a game.,John Carmack,dc_browsing_files\general_image-1294.png,Data Comms: Browsing and Searching (dc_browsing.php),https://commons.wikimedia.org/wiki/File:John_Carmack_at_QuakeCon_2009_(extracted).jpg,"Photo by Drew ""Prognar"" Campbell [CC BY 2.0 ], via Wikimedia Commons",CC BY 2.0,Data Communications,,
"Today, Web services is really about developing for the server. What it means to developers is any set of systems services that you make a Web service you to access by any kind of device with a highly interactive client, not just a browser.",John FowlerFlikr,dc_internet_files\general_image-1386.png,Dat Comms: Internet (dc_internet.php),https://www.flickr.com/photos/oracle_images/15226020140,,,Data Communications,,
Describing the Internet as the Network of Networks is like calling the Space Shuttle a thing that flies.,John Lester,,Dat Comms: Internet (dc_internet.php),,,,Data Communications,,
"Among the Internet's many gains for humanity, decreasing paranoia has not been one of them. Anything from that lump under your armpit to what's lurking in the sea - just type it into a search engine and watch your nerves explode.",John Niven,dc_browsing_files\general_image-1300.png,Data Comms: Browsing and Searching (dc_browsing.php),https://commons.wikimedia.org/wiki/File:John_Niven_in_2014.jpg,"Photo by Miriam Caputo [CC BY 2.0 ], via Wikimedia Commons",CC BY 2.0,Data Communications,,
"Here is what the world looked like in 2000... there were no plug and play solutions for ecommerce/warehouse management and customer service that could scale... which means that we had to employ 40+ engineers. Cloud computing did not exist, which means that we had to have a server farm and several IT people to insure that the site did not go down.",Julie Wainwright,,Dat Comms: Internet (dc_internet.php),,,,Data Communications,,
"In December 1993 there were like six hundred sites on the internet. They were all like, “I’m at this university and I study advanced mathematical modeling and here’s a picture of my cat.” I thought, Boy, this can’t be expensive or difficult. This guy’s just put up a page about his cat! So I figured out how to put up a home page and launched it in January of 1994. And I introduced myself like I’d seen the sort of professor-y people do it. I said, “Hi, I’m Justin. I’m going to college. I love rock ’n’ roll music and LSD…” I started just writing and using the hypertext structure of the web to tell the story of my life.",Justin Hall,dc_www_files\general_image-1097.png,Data Comms: WWW (dc_www.php),https://commons.wikimedia.org/wiki/File:Justin_Hall_(4).jpg,"Photo by Joi [CC BY 2.0 ], via Wikimedia Commons",CC BY 2.0,Data Communications,,
"Tim Berners-Lee, the 44-year-old English physicist who created the World Wide Web, is precisely the kind of hero that a relatively simple invention with profound social and economic consequences should lay claim to. He is not just creative but democratic, diplomatic, polite and generous with credit and praise.",Katie Hafner,,Data Comms: WWW (dc_www.php),,,,Data Communications,,
"Using the HTTP protocol, computer scientists around the world began making the Internet easier to navigate by inventing point-and-click browsers. One browser in particular, called Mosaic, created in 1993 at the University of Illinois, would help popularize the Web, and therefore the Net, as no software tool had yet done.",Katie Hafner,,Data Comms: Browsing and Searching (dc_browsing.php),,,,Data Communications,,
Mobile Messaging is rapidly becoming the primary way users engage socially on mobile.,Keith Teare,dc_e-comms_files\general_image-2592.png,Data Comms: E-Communications (dc_e-comms.php),https://commons.wikimedia.org/wiki/File:Kteareinsapporo.jpg,"Photo by isummitfaceroll (https://www.flickr.com/people/28856561@N08/) [CC BY 2.0 ], via Wikimedia Commons",CC BY 2.0,Data Communications,https://www.flickr.com/people/28856561@N08/,
"… And we began to see trolls, although we didn’t use that term at the time, where there were people who were getting satisfaction out of starting fires or nudging people. They would do that over and over again just because they liked to see what would happen.",Kevin Kelly,dc_netiquette_files\general_image-1195.png,Data Comms: Netiquette (dc_netiquette.php),"https://commons.wikimedia.org/wiki/File:Kevin_Kelly,_Wired_(25163989050).jpg","Photo Christopher Michel [CC BY 2.0 ], via Wikimedia Commons",CC BY 2.0,Data Communications,,
Every day is essentially what a blog is about.,Kevin Kelly,dc_e-comms_files\general_image-3240.png,Data Comms: E-Communications (dc_e-comms.php),"https://commons.wikimedia.org/wiki/File:Kevin_Kelly,_Wired_(25163989050).jpg","Photo Christopher Michel [CC BY 2.0 ], via Wikimedia Commons",CC BY 2.0,Data Communications,,
"Essentially, I'm a 21-year-old who's a millionaire through gaming, vlogging, and my online experience. Yo, I'll take it!","KSIPhoto by Tralsatre [CC BY-SA 4.0 ], from Wikimedia Commons",dc_e-comms_files\general_image-3592.png,Data Comms: E-Communications (dc_e-comms.php),https://commons.wikimedia.org/wiki/File:KSI-Thumb.jpeg,,CC BY-SA 4.0,Data Communications,,
"Basically, our goal is to organize the world's information and to make it universally accessible and useful.",Larry Page,dc_browsing_files\general_image-1304.png,Data Comms: Browsing and Searching (dc_browsing.php),"https://commons.wikimedia.org/wiki/File:Larry_Page_in_the_European_Parliament,_17.06.2009_(cropped).jpg","Photo by Stansfield PL (Wikimedia Commons) [CC BY-SA 3.0 ], via Wikimedia Commons",CC BY-SA 3.0,Data Communications,,
"Blogging is a great way to show your talents and interests to prospective employers, while adding an edge to your resume. If you blog consistently it shows your dedication, passions and creativity - all of which are key attributes employers look for in job candidates.",Lauren Conrad,dc_e-comms_files\general_image-3605.png,Data Comms: E-Communications (dc_e-comms.php),https://commons.wikimedia.org/wiki/File:Lauren_Conrad_2009.jpg,"Photo by Toglenn [CC BY-SA 3.0 or GFDL], from Wikimedia Commons",CC BY-SA 3.0 or GFDL,Data Communications,,
#undernocircumstances shud sum1 feel its ok 2 tlk lik this. You have 140 characters. Use them and stop typing like you're illiterate.,@Lord_Voldemort7,,Data Comms: E-Communications (dc_e-comms.php),,,,Data Communications,,
"Since the advent of the Internet - more recently compounded by blogging - everyone can be a published voice. Any cowardly, anonymous anger-monger can have an audience of thousands. That doesn't make them a journalist any more than my throwing an onion and a few carrots into a pot of boiling water makes me Julia Child.",Lynda Resnick,dc_e-comms_files\general_image-3629.png,Data Comms: E-Communications (dc_e-comms.php),https://commons.wikimedia.org/wiki/File:Lynda_Resnick.jpg,"Photo by The Wonderful Company [CC0], via Wikimedia Commons",CC0,Data Communications,,
I think part of a best friend's job should be to immediately clear your computer history if you die.,"MACKEY MILLER, Mouse Attack 5!!!",,Data Comms: Browsing and Searching (dc_browsing.php),,,,Data Communications,,
"In 2000, when my partner Ben Horowitz was CEO of the first cloud computing company, Loudcloud, the cost of a customer running a basic Internet application was approximately $150,000 a month.",Marc Andreessen,dc_internet_files\general_image-1410.png,Dat Comms: Internet (dc_internet.php),https://commons.wikimedia.org/wiki/File:Marc_Andreessen_(1).jpg,"Photo by Joi [CC BY 2.0 ], via Wikimedia Commons",CC BY 2.0,Data Communications,,
"On the back end, software programming tools and Internet-based services make it easy to launch new global software-powered start-ups in many industries - without the need to invest in new infrastructure and train new employees.",Marc Andreessen,dc_internet_files\general_image-1389.png,Dat Comms: Internet (dc_internet.php),https://commons.wikimedia.org/wiki/File:Marc_Andreessen_(1).jpg,"Photo by Joi [CC BY 2.0 ], via Wikimedia Commons",CC BY 2.0,Data Communications,,
"Remember this is in early ’94. The prevailing view, in the business world and in the world at large, was the internet is not a commercial medium and will never be a commercial medium. It’s not for consumers, ordinary people won’t use it, and there’s no money to be made on it.",Marc Andreessen,dc_internet_files\general_image-1389.png,Data Comms: Browsing and Searching (dc_browsing.php),https://commons.wikimedia.org/wiki/File:Marc_Andreessen_(1).jpg,"Photo by Joi [CC BY 2.0 ], via Wikimedia Commons",CC BY 2.0,Data Communications,,yes
"In the Information Age, the first step to sanity is FILTERING. Filter the information: extract for knowledge. Filter first for substance. Filter second for significance. These filters protect against advertising. Filter third for reliability. This filter protects against politicians. Filter fourth for completeness. This filter protects against the media.","Marc Stiegler, Davids Sling",,Data Comms: Evaluating web sites (dc_evaluating_sites.php),,,,Data Communications,,
Blogs are whatever we make them. Defining ‘Blog’ is a fool’s errand.,Michael Conniff,,Data Comms: E-Communications (dc_e-comms.php),,,,Data Communications,,
"With the evolution of social media that includes blogging, Facebook, and Twitter, who and how information is delivered has changed tremendously. The landscape for news is a different place, and people have to accept that.",Michael Eric Dyson,dc_e-comms_files\general_image-2988.png,Data Comms: E-Communications (dc_e-comms.php),"https://commons.wikimedia.org/wiki/File:Michael_Eric_Dyson_at_Martin_Luther_King,_Jr._Memorial_4_April_2012_crop.jpg","Photo =by Medill DC (Flickr: IMG_8836) [CC BY 2.0 ], via Wikimedia Commons",CC BY 2.0,Data Communications,,
"The 'World Wide Web', as people quaintly called the Internet in 1996, was more or less made up of text. There was no YouTube. There was no Facebook. There was, however, Usenet, a loose and difficult-to-navigate assortment of message boards.",Michelle Dean,,Data Comms: WWW (dc_www.php),,,,Data Communications,,
We found a way to make things look great to the human eye through the window of a graphical web browser without worrying about what everything looked like under the hood.,Mike Davidson,,Data Comms: Browsing and Searching (dc_browsing.php),,,,Data Communications,,
Writing old school HTML code was never very much fun but now it's getting downright tedious for most people.,Mike Davidson,,Data Comms: Web Development (dc_web_development.php),,,,Data Communications,,
Getting information off the Internet is like taking a drink from a fire hydrant.,Mitchell Kapor,dc_evaluating_sites_files\general_image-1074.png,Data Comms: Evaluating web sites (dc_evaluating_sites.php); Dat Comms: Internet (dc_internet.php); Data Comms: WWW (dc_www.php),,"Photo by Mitch Kapor - See page for author [Public domain], via Wikimedia Commons",Public domain,Data Communications,,
Social media can be dangerous. People hide behind their computers and write negative things,Mo Farah,dc_e-comms_files\general_image-2976.png,Data Comms: E-Communications (dc_e-comms.php),https://id.wikipedia.org/wiki/Berkas:MoPodiumRio2016.png,Photo from Flikr via Wikipedia CC2 Attribution License,Attribution License,Data Communications,,
"Emails we can read, say no to 'send a receipt', mark as unread, categorise, label and put in a folder whilst drinking tea and thinking about other things. It's hard work making the right noises and facial expressions in response to an in-person reminder.",Neil Cottingham,,Data Comms: E-Communications (dc_e-comms.php),,,,Data Communications,,
"Google can bring you back 100,000 answers. A librarian can bring you back the right one.",Neil Gaiman,dc_browsing_files\general_image-1661.png,Data Comms: Browsing and Searching (dc_browsing.php); unused quotes (quotes.html),"https://commons.wikimedia.org/wiki/File:Gaiman,_Neil_(2007).jpg","Photo by pinguino k from North Hollywood, USA (Neil Gaiman) [CC BY 2.0 ], via Wikimedia Commons",CC BY 2.0,"Data Communications, General / Site",,
Twitter today is one person talking to a lot of people—not a conversation. And I don’t think that we as human beings were designed to enable 320 million people to have a conversation together.,Nick Bilton,dc_e-comms_files\general_image-3751.png,Data Comms: E-Communications (dc_e-comms.php),https://commons.wikimedia.org/wiki/File:Nick_Bilton_(15267480651)_(cropped).jpg,"Photo Christopher Michel [CC BY 2.0 ], via Wikimedia Commons",CC BY 2.0,Data Communications,,
"Skype is easy enough to use so that people don't need to be tech savvy - a lot of users just want to communicate with their friends and family, and they find this is the easiest, cheapest way. If you can use a Web browser, you can use Skype.",Niklas Zennstrom,dc_e-comms_files\general_image-3583.png,Data Comms: E-Communications (dc_e-comms.php),https://commons.wikimedia.org/wiki/File:Niklas_Zennstr%C3%B6m_2008.jpg,"Photo by Eirik Solheim (Flickr: Niklas Zennström) [CC BY-SA 2.0 ], via Wikimedia Commons",CC BY-SA 2.0,Data Communications,,
The major advances in speed of communication and ability to interact took place more than a century ago. The shift from sailing ships to telegraph was far more radical than that from telephone to email!,Noam Chomsky,dc_e-comms_files\general_image-1838.png,Data Comms: E-Communications (dc_e-comms.php),"https://commons.wikimedia.org/wiki/File:Noam_Chomsky,_2004.jpg","Photo by Duncan Rawlinson [CC BY 2.0], via Wikimedia Commons",CC BY 2.0,Data Communications,,
"While in the early days of networks, growth was limited by slowness and cost at numerous points - expensive telephone connections, computers that crashed, browsers that didn't work - the rise of the smartphone has essentially changed all that.",Om Malik,dc_types_of_networks_files\general_image-73.png,Data Comms: Types of Networks (dc_types_of_networks.html),https://commons.wikimedia.org/wiki/File:Om_Malik_2015.jpg,"Photo by Cmichel67 [CC BY-SA 4.0 ], from Wikimedia Commons",CC BY-SA 4.0,Data Communications,,
"A million years ago - some hairy bastard daubed a horse on the wall of his cave, he saw it, he drew it - well done! Flash forward: 'Hello, welcome to my vlog. Today I bought a plum.""","Patrick Marber, Don Juan in Soho: After Molière",,Data Comms: E-Communications (dc_e-comms.php),,,,Data Communications,,
"Internet: absolute communication, absolute isolation.",Paul Carvel,,Dat Comms: Internet (dc_internet.php),,,,Data Communications,,
"Instead of having to visit 15 different places to get your weather, sports, favorite photos, latest gossip or latest political debates, you just go to to the RSS aggregator and see the highlights of all those websites combined into a single window.",Paul Gil,,Data Comms: E-Communications (dc_e-comms.php),,,,Data Communications,,
"When text messaging first came out, you could only text within your network, whatever operator you had. It seems silly now, but once those walls came down, all sorts of applications and services were built on top of that. It ended up being good for everybody.",Peggy Johnson,dc_e-comms_files\general_image-3000.png,Data Comms: E-Communications (dc_e-comms.php),https://commons.wikimedia.org/wiki/File:Peggy_Johnson_at_the_NCAPEC_Women%27s_Event.jpg,"Photo by East Asia and Pacific Media Hub U.S. Department of State (Secretary Kerry Speaks at the NCAPEC Women's Event) [Public domain], via Wikimedia Commons",Public domain,Data Communications,,
My favorite thing about the Internet is that you get to go into the private world of real creeps without having to smell them.,Penn Jillett,dc_internet_files\general_image-1797.png,Dat Comms: Internet (dc_internet.php),https://commons.wikimedia.org/wiki/File:Penn-Jillette-8608.jpg,"Photo by Loadmaster (David R. Tribble) This image was made by Loadmaster (David R. Tribble)Email the author: David R. TribbleAlso see my personal gallery at Google Photos [CC BY-SA 3.0 or GFDL], from Wikimedia Commons",CC BY-SA 3.0 or GFDL,Data Communications,,
"If you look back over the history of computing, it started as mainframes or terminals. As PCs or work stations became prevalent, computing moved to the edge, and we had applications that took advantage of edge computing and the CPU and processing power at the edge. Cloud computing brought things back to the center.",Peter Levine,dc_internet_files\general_image-1395.png,Dat Comms: Internet (dc_internet.php),https://commons.wikimedia.org/wiki/File:Peter_Levine_(DOD)_Headshot.JPG,"Photo by Monica A. King [Public domain], via Wikimedia Commons",Public domain,Data Communications,,
"In our fibre-optic world of tweets and tablets, we are more conscious of the world around us. The technicolour violence and humanitarian abuses of today are just a flick of a switch away. In our homes, on the train, in our coffee shops, we see it, we feel it, we know about it. All of us. All of the time. Human suffering is visible, constantly.",Peter Maurer,dc_communications_media_files\general_image-1569.png,Data Comms: Media (dc_communications_media.php),https://commons.wikimedia.org/wiki/File:Petermaurer.jpg,Photo Wikimedia Commons,,Data Communications,,
"What troubles me is the Internet and the electronic technology revolution. Shyness is fueled in part by so many people spending huge amounts of time alone, isolated on e-mail, in chat rooms, which reduces their face-to-face contact with other people.",Philip Zimbardo,dc_e-comms_files\general_image-1084.png,Data Comms: E-Communications (dc_e-comms.php),https://commons.wikimedia.org/wiki/File:Philip_Zimbardo_20th_JIDFF.jpg,"Photo by Mfdfjihlava [CC BY-SA 4.0], from Wikimedia Commons",CC BY-SA 4.0,Data Communications,,
"I think when I first realized that something interesting had happened was probably in 1994. There was a 25th anniversary of the ARPANET celebration and... somebody asked the question, 'Where did email come from?' I remembered that I had done this little program back in 1971. People looked back and nobody could find anything that predated it.",Ray Tomlinson,dc_e-comms_files\general_image-1832.png,Data Comms: E-Communications (dc_e-comms.php),https://commons.wikimedia.org/wiki/File:Ray_Tomlinson.jpg,"Photo by Andreu Veà, WiWiW.org (Andreu Veà, WiWiW.org) [CC BY-SA 3.0], via Wikimedia Commons",CC BY-SA 3.0,Data Communications,,
I love Twitter… It’s like owning your own newspaper—without the losses.,"@RealDonaldTrumpGage Skidmore [CC BY-SA 2.0 ], via Wikimedia Commons",dc_e-comms_files\general_image-3748.png,Data Comms: E-Communications (dc_e-comms.php),https://commons.wikimedia.org/wiki/File:Donald_Trump_(29496131773).jpg,,CC BY-SA 2.0,Data Communications,,
"When Tim Berners-Lee invented the computer code that led to the creation of the World Wide Web in 1990, he did not try to patent or charge fees for the use of his technology.",Rebecca MacKinnon,dc_www_files\general_image-2443.png,Data Comms: WWW (dc_www.php),https://commons.wikimedia.org/wiki/File:Rebecca_MacKinnon_20100508.jpg,"Photo by Joi Ito (Rebecca MacKinnon) [CC BY 2.0 ], via Wikimedia Commons",CC BY 2.0,Data Communications,,
"Fibre optic is becoming like electricity. If you look at how electricity spread around the globe 100 years ago, that's what's happening now.",Reed Hastings,dc_communications_media_files\general_image-1566.png,Data Comms: Media (dc_communications_media.php),"https://commons.wikimedia.org/wiki/File:Reed_Hastings,_Web_2.0_Conference.jpg",Photo Wikimedia Commons,,Data Communications,,
"It turns out that all Netflix streaming peak on Saturday night can fit inside a single fiber optic, which is the size of one human hair.",Reed Hastings,dc_communications_media_files\general_image-1563.png,Data Comms: Media (dc_communications_media.php),"https://commons.wikimedia.org/wiki/File:Reed_Hastings,_Web_2.0_Conference.jpg",Photo Wikimedia Commons,,Data Communications,,
"It's ironic, but true, that in this age of electronic communications, personal interaction is becoming more important than ever.",Regis McKenna,,Data Comms: E-Communications (dc_e-comms.php),,,,Data Communications,,
"This whole blogging stuff has been bugging me for years. Talk about no filter on things. People feel free to do and say whatever they want with no vetting, with no editing, with nothing.",Rick Moranis,dc_e-comms_files\general_image-3601.png,Data Comms: E-Communications (dc_e-comms.php),,,,Data Communications,,
"A blogger is constantly looking over his shoulder, for fear that he is not being followed.",Robert Brault,,Data Comms: E-Communications (dc_e-comms.php),,,,Data Communications,,
Sometimes I imagine a get-together where I introduce my family to my blogger friends and my blogger friends introduce my family to me.,Robert Brault,,Data Comms: E-Communications (dc_e-comms.php),,,,Data Communications,,
"We're teaming up with a major Hollywood studio, and we're making a movie called 'Copper.' It's set on Mars in the 24th century. By then we've got 27 billion people in the world, copper is the world's most valuable metal because everything runs on electricity, and there's no more burning of hydrocarbons.",Robert Friedland,,Data Comms: Media (dc_communications_media.php),,,,Data Communications,,
"We've heard that a million monkeys at a million keyboards could produce the complete works of Shakespeare; now, thanks to the Internet, we know that is not true.",Robert Wilensky,,Dat Comms: Internet (dc_internet.php),,,,Data Communications,,
"I love the web, but man, I look at my browser, and there are, like, twenty tabs up there, all jostling for space and time, all framed by a mosaic of other apps, other work, other entertainment... so even when I really am paying attention to something on the web, there's this peripheral haze.",Robin Sloan,dc_browsing_files\general_image-1197.png,Data Comms: Browsing and Searching (dc_browsing.php),https://www.flickr.com/photos/rs/1421292912/,Photo from Flikr,,Data Communications,,
"Headlines, in a way, are what mislead you because bad news is a headline, and gradual improvement is not.",Ryan Holiday,dc_e-comms_files\general_image-3781.png,Data Comms: E-Communications (dc_e-comms.php),https://commons.wikimedia.org/wiki/File:RyanHoliday.jpg,"Photo by Ryan_Holiday [CC BY-SA 2.0 ], via Wikimedia Commons",CC BY-SA 2.0,Data Communications,,
"The primary occupational hazard of blogging is this: it's easier when you yourself take on some of the traits of insanity. It's a job that requires the doer to be selfish, self-absorbed, and superficial.",Ryan Holiday,dc_e-comms_files\general_image-3611.png,Data Comms: E-Communications (dc_e-comms.php),https://commons.wikimedia.org/wiki/File:RyanHoliday.jpg,"Photo by Ryan_Holiday [CC BY-SA 2.0 ], via Wikimedia Commons",CC BY-SA 2.0,Data Communications,,
"The process for finding, creating, and consuming information has fundamentally changed with the advent of the web and the rise of blogging.",Ryan Holiday,dc_e-comms_files\general_image-3633.png,Data Comms: E-Communications (dc_e-comms.php),https://commons.wikimedia.org/wiki/File:RyanHoliday.jpg,"Photo by Ryan_Holiday [CC BY-SA 2.0 ], via Wikimedia Commons",CC BY-SA 2.0,Data Communications,,
"I get email, therefore I am.",Scott Adams,dc_e-comms_files\general_image-3784.png,Data Comms: E-Communications (dc_e-comms.php),https://commons.wikimedia.org/wiki/File:Scott_Adams.jpg,"Photo by Tricia (Scott Adams closing keynote) [CC BY-SA 2.0 ], via Wikimedia Commons",CC BY-SA 2.0,Data Communications,,
"Some say Google is God. Others say Google is Satan. But if they think Google is too powerful, remember that with search engines unlike other companies, all it takes is a single click to go to another search engine.",Sergey Brin,dc_browsing_files\general_image-1279.png,Data Comms: Browsing and Searching (dc_browsing.php),https://commons.wikimedia.org/wiki/File:Sergey_Brin.JPG,"Photo by enlewof (Me and Sergey Brin) [CC BY-SA 2.0 ], via Wikimedia Commons",CC BY-SA 2.0,Data Communications,,
Imagine that everything you are typing is being read by the person you are applying to for your first job. Imagine that it's all going to be seen by your parents and your grandparents and your grandchildren as well.,Sir Tim Berners-Lee,dc_netiquette_files\general_image-1207.png,Data Comms: Netiquette (dc_netiquette.php),https://commons.wikimedia.org/wiki/File:Sir_Tim_Berners-Lee.jpg,"Photo by Paul Clarke [CC BY-SA 4.0 ], from Wikimedia Commons",CC BY-SA 4.0,Data Communications,,
"In '93 to '94, every browser had its own flavor of HTML. So it was very difficult to know what you could put in a Web page and reliably have most of your readership see it.",Sir Tim Berners-Lee,dc_w3c_icann_files\general_image-1190.png,Data Comms: W3C & ICANN (dc_w3c_icann.php),https://commons.wikimedia.org/wiki/File:Sir_Tim_Berners-Lee.jpg,"Photo by Paul Clarke [CC BY-SA 4.0 ], from Wikimedia Commons",CC BY-SA 4.0,Data Communications,,
"Web pages are designed for people. For the Semantic Web, we need to look at existing databases.",Sir Tim Berners-Lee,dc_web_development_files\general_image-1126.png,Data Comms: Web Development (dc_web_development.php),https://commons.wikimedia.org/wiki/File:Sir_Tim_Berners-Lee.jpg,"Photo by Paul Clarke [CC BY-SA 4.0 ], from Wikimedia Commons",CC BY-SA 4.0,Data Communications,,
Web users ultimately want to get at data quickly and easily. They don't care as much about attractive sites and pretty design.,Sir Tim Berners-Lee,dc_web_development_files\general_image-1117.png,Data Comms: Web Development (dc_web_development.php),https://commons.wikimedia.org/wiki/File:Sir_Tim_Berners-Lee.jpg,"Photo by Paul Clarke [CC BY-SA 4.0 ], from Wikimedia Commons",CC BY-SA 4.0,Data Communications,,
You affect the world by what you browse.,Sir Tim Berners-Lee,dc_browsing_files\general_image-1170.png,Data Comms: Browsing and Searching (dc_browsing.php),https://commons.wikimedia.org/wiki/File:Sir_Tim_Berners-Lee.jpg,"Photo by Paul Clarke [CC BY-SA 4.0 ], from Wikimedia Commons",CC BY-SA 4.0,Data Communications,,
The most compelling reason for most people to buy a computer for the home will be to link it to a nationwide communications network.,Steve Jobs,dc_types_of_networks_files\general_image-76.png,Data Comms: Types of Networks (dc_types_of_networks.html),https://commons.wikimedia.org/wiki/File:Steve_Jobs_Headshot_2010-CROP.jpg,"Photo by Matthew Yohe [CC BY-SA 3.0 or GFDL], via Wikimedia Commons",CC BY-SA 3.0 or GFDL,Data Communications,https://en.wikipedia.org/wiki/User:Matt_Yohe,
Wifi was never supposed to be a big thing and certainly not a thing that would become as vital to a home as indoor plumbing.,Steven Levy,dc_communications_media_files\general_image-1572.png,Data Comms: Media (dc_communications_media.php),https://commons.wikimedia.org/wiki/File:Steven_Levy_(1).jpg,"Photo by Joi [CC BY 2.0 ], via Wikimedia Commons",CC BY 2.0,Data Communications,,
"People learned how to deal with trolls. If you respond to them, they will make the flame even brighter.",Stewart Brand,dc_netiquette_files\general_image-1201.png,Data Comms: Netiquette (dc_netiquette.php),"https://commons.wikimedia.org/wiki/File:Stewart_Brand_-Sausalito,_California,_USA_-at_home-14Dec2010.jpg","Photo by cellanr (Stewart BrandUploaded by Snowmanradio) [CC BY-SA 2.0 ], via Wikimedia Commons",CC BY-SA 2.0,Data Communications,,
"Email has the virtue - sounds like a bad thing, but it's the virtue of being the lowest common denominator messaging protocol. Everyone can have it. It can cross organizational boundaries. No one owns it. It's not some particular company's platform.",Stewart Butterfield,dc_e-comms_files\general_image-1841.png,Data Comms: E-Communications (dc_e-comms.php),https://commons.wikimedia.org/wiki/File:Stewart_b.jpg,Photo from Wikimedia Commons,,Data Communications,,
"Email is the lowest common denominator. It's the way you get communications from one person to another. There isn't really an alternative. Sometimes people will have Facebook messenger turned on, but 99 percent of the time, if you're sending a message to a human you don't know well, you're using email.",Stewart Butterfield,dc_e-comms_files\general_image-1829.png,Data Comms: E-Communications (dc_e-comms.php),https://commons.wikimedia.org/wiki/File:Stewart_b.jpg,Photo from Wikimedia Commons,,Data Communications,,
"You could go crazy thinking of how unprivate our lives really are - the omnipresent security cameras, the tracking data on our very smart phones, the porous state of our Internet selves, the trail of electronic crumbs we leave every day.",Susan Orlean,dc_e-comms_files\general_image-1081.png,Data Comms: E-Communications (dc_e-comms.php),https://commons.wikimedia.org/wiki/File:Susan_orlean_2011.jpg,"Photo Larry D. Moore [CC BY-SA 3.0 or GFDL], via Wikimedia Commons",CC BY-SA 3.0 or GFDL,Data Communications,,
What we now call the browser is whatever defines the web. What fits in the browser is the World Wide Web and a number of trivial standards to handle that so that the content comes.,Ted Nelson,dc_w3c_icann_files\general_image-1180.png,Data Comms: W3C & ICANN (dc_w3c_icann.php),https://commons.wikimedia.org/wiki/File:Ted_Nelson.jpg,"Photo by Gisle Hannemyr [CC BY-SA 3.0 ], from Wikimedia Commons",CC BY-SA 3.0,Data Communications,,
"An EMP explosion would wipe out our grid, wipe out our cellular system.",Ted Yoho,dc_communications_media_files\general_image-1575.png,Data Comms: Media (dc_communications_media.php),"https://commons.wikimedia.org/wiki/File:Ted_Yoho,_official_portrait,_113th_Congress.jpg","Photo by United States Congress (Office of Congressman Ted Yoho.) [Public domain or Public domain], via Wikimedia Commons",Public domain,Data Communications,,
It doesn't stop being magic just because you know how it works.,"Terry Pratchett, The Wee Free Men",dc_internet_files\general_image-1076.png,Dat Comms: Internet (dc_internet.php),,"Photo By Robin Zebrowski (Terry Pratchett, Powell's) [CC BY-SA 2.5 (https://creativecommons.org/licenses/by-sa/2.5)], via Wikimedia Commons",CC BY-SA 2.5,Data Communications,,
"Netscape brought the Internet alive with the browser. They made the Internet so that Grandma could use it, and her grandchildren could use it. The second thing that Netscape did was commercialize a set of open transmission protocols so that no company could own the Net.",Thomas Friedman,dc_browsing_files\general_image-1176.png,Data Comms: Browsing and Searching (dc_browsing.php),https://commons.wikimedia.org/wiki/File:Thomas_Friedman_World_Economic_Forum_2013.jpg,"Photo by World Economic Forum (Flickr: Tipping Points: Thomas L. Friedman) [CC BY-SA 2.0 ], via Wikimedia Commons",CC BY-SA 2.0,Data Communications,,
"In this age of getting what you want and getting it now, the simple pleasure of browsing is often forgotten.",Tom Hodgkinson,dc_browsing_files\general_image-1182.png,Data Comms: Browsing and Searching (dc_browsing.php),https://en.wikipedia.org/wiki/File:Tom_hodgkinson.jpg,Photo from Wikipedia,,Data Communications,,
"I first discovered YouTube while browsing the web, and then I found people just talking into their cameras. I never even knew it was a thing you could do. William Sledd was my first YouTube obsession. He was so unapologetically himself, and just had fun talking to his audience about things that interested him. I thought - if he could do it, why couldn't I?",Tyler Oakley,dc_e-comms_files\general_image-3580.png,Data Comms: E-Communications (dc_e-comms.php),https://commons.wikimedia.org/wiki/File:Tyler_Oakley_by_Gage_Skidmore.jpg,"Photo Gage Skidmore [CC BY-SA 3.0 ], from Wikimedia Commons",CC BY-SA 3.0,Data Communications,,
"Electronic communication makes possible what has previously been excluded, namely: active, simultaneous and reciprocal contact between individuals across all frontiers constituted by countries, religions and continents.",Ulrich Beck,dc_e-comms_files\general_image-1063.png,Data Comms: E-Communications (dc_e-comms.php),https://commons.wikimedia.org/wiki/File:Beck-St-Gallen-Symposium.png,"Photo by International Students’ Committee (File:Beck.png) [CC BY-SA 3.0], via Wikimedia Commons",CC BY-SA 3.0,Data Communications,,
Give a person a fish and you feed them for a day; teach that person to use the Internet and they won't bother you for weeks.,Unknown,,Dat Comms: Internet (dc_internet.php),,,,Data Communications,,
"Some things Man was never meant to know. For everything else, there's Google.",Unknown,,Data Comms: Browsing and Searching (dc_browsing.php),,,,Data Communications,,
The best thing about the Internet is that it makes everyone a publisher. The worst thing about the Internet is that it makes everyone a publisher.,Unknown,,Dat Comms: Internet (dc_internet.php),,,,Data Communications,,
The most frightening thing about e-communications is how easy it is to forget that you are communicating with another person - a person with the same abilities to be hurt and offended as you have; with feelings - just like you have feelings… and so to be rude and obnoxious and thoughtless to them because they are no longer a person in your mind.,Unknown,,Data Comms: Netiquette (dc_netiquette.php),,,,Data Communications,,
"We Facebook users have been building a treasure lode of big data that government and corporate researchers have been mining to predict and influence what we buy and for whom we vote. We have been handing over to them vast quantities of information about ourselves and our friends, loved ones and acquaintances.",Unknown,dc_e-comms_files\general_image-2970.png,Data Comms: E-Communications (dc_e-comms.php),,,,Data Communications,,
What do you call a doctor that fixes websites? A URLologist.,Unknown,,Data Comms: WWW (dc_www.php),,,,Data Communications,,
You can't take something off the Internet — it's like taking pee out of a pool.,Unknown,,Dat Comms: Internet (dc_internet.php),,,,Data Communications,,
Respect your parents. They passed school without Google.,Unknown - Meme,,Data Comms: Browsing and Searching (dc_browsing.php); Data Comms: WWW (dc_www.php),,,,Data Communications,,
"We're losing social skills, the human interaction skills, how to read a person's mood, to read their body language, how to be patient until the moment is right to make or press a point. Too much exclusive use of electronic information dehumanises what is a very, very important part of community life and living together.",Vincent Nichols,,Data Comms: E-Communications (dc_e-comms.php),,,,Data Communications,,
I am annoyed by people that send messages via FaceBook because I get an e-mail telling me there is a message on FaceBook - so I end up processing two messages for every one sent.,Vint Cerf,dc_e-comms_files\general_image-2982.png,Data Comms: E-Communications (dc_e-comms.php),https://commons.wikimedia.org/wiki/File:Dr_Vint_Cerf_ForMemRS.jpg,"Photo: The Royal Society [CC BY-SA 3.0 or CC BY-SA 4.0], from Wikimedia Commons",CC BY-SA 3.0 or CC BY-SA 4.0,Data Communications,,
I used to tell jokes about Internet-enabled lightbulbs. I can't tell jokes about it anymore - there already is an Internet-connected lightbulb.,Vint Cerf,dc_internet_files\general_image-1779.png,Dat Comms: Internet (dc_internet.php),https://commons.wikimedia.org/wiki/File:Dr_Vint_Cerf_ForMemRS.jpg,"Photo: The Royal Society [CC BY-SA 3.0 or CC BY-SA 4.0], from Wikimedia Commons",CC BY-SA 3.0 or CC BY-SA 4.0,Data Communications,,
Instant messaging and chat rooms have basically created a level playing field for deaf people.,Vint Cerf,dc_e-comms_files\general_image-3009.png,Data Comms: E-Communications (dc_e-comms.php),https://commons.wikimedia.org/wiki/File:Dr_Vint_Cerf_ForMemRS.jpg,"Photo: The Royal Society [CC BY-SA 3.0 or CC BY-SA 4.0], from Wikimedia Commons",CC BY-SA 3.0 or CC BY-SA 4.0,Data Communications,,
"The Internet has introduced an enormously accessible and egalitarian platform for creating, sharing and obtaining information on a global scale. As a result, we have new ways to allow people to exercise their human and civil rights.",Vint Cerf,dc_internet_files\general_image-1100.png,Dat Comms: Internet (dc_internet.php),https://commons.wikimedia.org/wiki/File:Dr_Vint_Cerf_ForMemRS.jpg,"Photo: The Royal Society [CC BY-SA 3.0 or CC BY-SA 4.0], from Wikimedia Commons",CC BY-SA 3.0 or CC BY-SA 4.0,Data Communications,,
"There's nothing special about wireless networks except that wireless capacity is sometimes less than what you can get, for example, from optical fiber.",Vint Cerf,dc_communications_media_files\general_image-1584.png,Data Comms: Media (dc_communications_media.php),https://commons.wikimedia.org/wiki/File:Dr_Vint_Cerf_ForMemRS.jpg,"Photo: The Royal Society [CC BY-SA 3.0 or CC BY-SA 4.0], from Wikimedia Commons",CC BY-SA 3.0 or CC BY-SA 4.0,Data Communications,,
"What is special about VOIP is that it's just another thing you can do on the Internet, whereas it (voice) is the only thing - or nearly the only thing with the exception of the dial-up modem and fax - that you can do on the public switched telephone network.",Vint Cerf,dc_e-comms_files\general_image-2768.png,Data Comms: E-Communications (dc_e-comms.php),https://commons.wikimedia.org/wiki/File:Dr_Vint_Cerf_ForMemRS.jpg,"Photo: The Royal Society [CC BY-SA 3.0 or CC BY-SA 4.0], from Wikimedia Commons",CC BY-SA 3.0 or CC BY-SA 4.0,Data Communications,,
"In 1998, it was possible to make a big-screen romantic comedy about email. Yep, email - the same medium we often think of now as boring and even annoying.",Walt Mossberg,dc_e-comms_files\general_image-1844.png,Data Comms: E-Communications (dc_e-comms.php),https://commons.wikimedia.org/wiki/File:Walt_Mossberg_at_TPS09_(cropped).jpg,"Photo by Andrew Feinberg (DSC_0002.JPG) [CC BY-SA 2.0 or CC BY-SA 3.0], via Wikimedia Commons",CC BY-SA 2.0 or CC BY-SA 3.0,Data Communications,,
"Cloud computing means you are doing your computing on somebody else's computer. Looking ahead a little, I firmly believe cloud - previously called grid computing - will become very widespread. It's much cheaper than buying your own computing infrastructure, or maybe you don't have the power to do what you want on your own computer.","Whitfield DiffieThe Royal Society [CC BY-SA 3.0 or CC BY-SA 4.0 ], from Wikimedia Commons",dc_internet_files\general_image-1398.png,Dat Comms: Internet (dc_internet.php),https://commons.wikimedia.org/wiki/File:Whitfield_Diffie_Royal_Society.jpg,,CC BY-SA 3.0 or CC BY-SA 4.0,Data Communications,,
"At least 80% of fibre-optic cables globally go via the U.S. This is no accident and allows the U.S. to view all communication coming in. At least 80% of all audio calls, not just metadata, are recorded and stored in the U.S. The NSA lies about what it stores.",William Binney,dc_communications_media_files\general_image-67.png,Data Comms: Media (dc_communications_media.php),https://commons.wikimedia.org/wiki/File:William_Binney_at_CoPS2013_9399.jpg,"Photograph by Rama, Wikimedia Commons, Cc-by-sa-2.0-fr [CeCILL or CC BY-SA 2.0 fr], from Wikimedia Commons",CeCILL or CC BY-SA 2.0 fr,Data Communications,https://commons.wikimedia.org/wiki/User:Rama,
"If you think about the web, the web has been an incredible development platform, and everything today is developed on the web.",William Mougayar,,Data Comms: Web Development (dc_web_development.php),,,,Data Communications,,
"You go to a Japanese restaurant and have a wonderful dish, and the thing to do is take a picture with your phone, put it on Facebook, and see how many likes you get. If you don't share your experiences, they don't become part of the data processing system, and they have no meaning.",Yuval Noah Harari,dc_e-comms_files\general_image-2985.png,Data Comms: E-Communications (dc_e-comms.php),https://commons.wikimedia.org/wiki/File:Yuval_Noah_Harari.jpg,"Photo by Daniel Naber [CC BY-SA 4.0 ], from Wikimedia Commons",CC BY-SA 4.0,Data Communications,,
Our philosophy is to provide software for our machines free or at minimal cost.,"Apple - in 1976. Apple provides a free OS and free productivity suite, music editor, photo management and video editor with its computers and mobile devices today.",index_files\general_image-4484.png,Home Page (index.html); question (question.php); Software: Distribution methods (sw_distribution.php),,,,"General / Site, Software",,
"Historically, privacy was almost implicit, because it was hard to find and gather information. But in the digital world, whether it's digital cameras or satellites or just what you click on, we need to have more explicit rules - not just for governments but for private companies.",Bill Gates,quotes_files\general_image-16.png,unused quotes (quotes.html),https://commons.wikimedia.org/wiki/File:Bill_Gates_July_2014.jpg,"Photo by DFID - UK Department for International Development (https://www.flickr.com/photos/dfid/14590135480/) [CC BY 2.0], via Wikimedia Commons",CC BY 2.0,General / Site,https://www.flickr.com/photos/dfid/14590135480/,
What we believe is going to be very important is the delivery of traditional software and services and hardware over the Net. That's a form of electronic marketplace.,Bill Gates,index_files\general_image-4481.png,Home Page (index.html); question (question.php); Software: Distribution methods (sw_distribution.php),https://commons.wikimedia.org/wiki/File:Bill_Gates_July_2014.jpg,"Photo by DFID - UK Department for International Development (https://www.flickr.com/photos/dfid/14590135480/) [CC BY 2.0], via Wikimedia Commons",CC BY 2.0,"General / Site, Software",https://www.flickr.com/photos/dfid/14590135480/,
"It's important to be informed about issues like usability, reliability, security, privacy, and some of the inherent limitations of computers.",Brian Kernighan,quotes_files\general_image-70.png,unused quotes (quotes.html),https://commons.wikimedia.org/wiki/File:Brian_Kernighan_in_2012_at_Bell_Labs_2.jpg,"Photo by Ben Lowe (https://www.flickr.com/photos/blowe/7984191507/) [CC BY 2.0 ], via Wikimedia Commons",CC BY 2.0,General / Site,https://www.flickr.com/photos/blowe/7984191507/,
"If you, or any public-spirited programmer, wanted to figure out what the software on your machine is really doing, tough luck. It's illegal to reverse engineer the source code of commercial software to find out how it works.",Clive Thompson,index_files\general_image-4454.png,Home Page (index.html); question (question.php); Software: Distribution methods (sw_distribution.php),https://www.flickr.com/photos/cambodia4kidsorg/541413686/,Photo from Flikr,,"General / Site, Software",,
"The Internet has given us 10 or 15 new styles of communication: long messages like blogging, and then short messages like texting and tweeting. I see it all as part of an expanding array of linguistic possibilities.",David Crystal,quotes_files\general_image-64.png,unused quotes (quotes.html),https://commons.wikimedia.org/wiki/File:David_Crystal_2017.jpg,"Photo by Eino81 [GFDL or CC BY-SA 4.0 ], from Wikimedia Commons",GFDL or CC BY-SA 4.0,General / Site,,
"Free open-source software, by its nature, is unlikely to feature secret back doors that lead directly to Langley, Va.",Evgeny Morozov,index_files\general_image-4496.png,Home Page (index.html); question (question.php); Software: Distribution methods (sw_distribution.php),https://en.wikipedia.org/wiki/Evgeny_Morozov#/media/File:Evgeny_Morozov_-_Wer_kann_die_neue_Zukunft_machen%3F_(17333061348).jpg,Photo from Wikimedia Commons,,"General / Site, Software",,
"Every case involving cybercrime that I've been involved in, I've never found a master criminal sitting somewhere in Russia or Hong Kong or Beijing. It always ends up that somebody at the company did something they weren't supposed to do. They read an email, went to a website they weren't supposed to.",Frank Abagnale,quotes_files\general_image-13.png,unused quotes (quotes.html),https://commons.wikimedia.org/wiki/File:Frank_W._Abagnale_in_2008.jpg,"Photo Abagnale & Associates [CC BY-SA 4.0], via Wikimedia Commons",CC BY-SA 4.0,General / Site,,
"Open source production has shown us that world-class software, like Linux and Mozilla, can be created with neither the bureaucratic structure of the firm nor the incentives of the marketplace as we've known them.",Howard Rheingold,index_files\general_image-4475.png,Home Page (index.html); question (question.php); Software: Distribution methods (sw_distribution.php),https://commons.wikimedia.org/wiki/File:Howard_Rheingold_(5).jpg,"By Joi [CC BY 2.0 ], via Wikimedia Commons",CC BY 2.0,"General / Site, Software",,
"When software is free, or so inexpensive that it's easier to pay for it than to duplicate it, then it won't be ""stolen"".","Jim Warren, July 1976Jwarren36 at English Wikipedia [GFDL or CC BY-SA 3.0 ], via Wikimedia Commons",index_files\general_image-4487.png,Home Page (index.html); question (question.php); Software: Distribution methods (sw_distribution.php),"https://commons.wikimedia.org/wiki/File:Computing%27s_Jim_Warren_in_Hansville_WA,_May_2010.jpg",,GFDL or CC BY-SA 3.0,"General / Site, Software",https://en.wikipedia.org/wiki/User:Jwarren36; https://en.wikipedia.org/wiki/,
A lot of people who work on open-source software don't mind making money elsewhere. They aren't anticommercial.,Jimmy Wales,index_files\general_image-4469.png,Home Page (index.html); question (question.php); Software: Distribution methods (sw_distribution.php),https://commons.wikimedia.org/wiki/File:Jimmy_Wales-1.jpg,"By VGrigas (WMF) [CC BY-SA 3.0 ], from Wikimedia Commons",CC BY-SA 3.0,"General / Site, Software",,
"I think, fundamentally, open source does tend to be more stable software. It's the right way to do things.",Linus Torvalds,index_files\general_image-4472.png,Home Page (index.html); question (question.php); Software: Distribution methods (sw_distribution.php),https://commons.wikimedia.org/wiki/File:Linus_Torvalds.jpeg,"By Unknown photographer who sold rights to the picture to linuxmag.com [GFDL or CC-BY-SA-3.0], via Wikimedia Commons",GFDL or CC-BY-SA-3.0,"General / Site, Software",,
Shareware tends to combine the worst of commercial software with the worst of free software.,Linus Torvalds,index_files\general_image-1291.png,Home Page (index.html); question (question.php); Software: Distribution methods (sw_distribution.php),https://commons.wikimedia.org/wiki/File:Linus_Torvalds.jpeg,"By Unknown photographer who sold rights to the picture to linuxmag.com [GFDL or CC-BY-SA-3.0], via Wikimedia Commons",GFDL or CC-BY-SA-3.0,"General / Site, Software",,
"…most of you steal your software. Hardware must be paid for, but software is something to share. Who cares if the people who worked on it get paid?","Louis V. Gerstner, Jr.",index_files\general_image-4490.png,Home Page (index.html); question (question.php); Software: Distribution methods (sw_distribution.php),https://commons.wikimedia.org/wiki/File:Lou_Gerstner_IBM_CEO_1995.jpg,"By Kenneth C. Zirkel [CC BY-SA 3.0 ], from Wikimedia Commons",CC BY-SA 3.0,"General / Site, Software",,
"Creative Commons' is the self-congratulatory name of a self-congratulatory movement. Somewhat like kibbutz on the Internet, the idea is to write programs - 'free ware' - and distribute them without charge.",Mark Helprin,index_files\general_image-4448.png,Home Page (index.html); question (question.php); Software: Distribution methods (sw_distribution.php),https://commons.wikimedia.org/wiki/File:Mark_Halperin_2012_Shankbone.JPG,"By David Shankbone [CC BY 3.0 ], from Wikimedia Commons",CC BY 3.0,"General / Site, Software",,
"As the web becomes more and more of a part of our every day lives, it would be a horrible tragedy if it was locked up inside of companies and proprietary software.",Matt Mullenweg,index_files\general_image-4451.png,Home Page (index.html); question (question.php); Software: Distribution methods (sw_distribution.php),https://en.wikipedia.org/wiki/File:Matt-at-wordcamp-bulgaria-2011.jpg#filelinks,Photo Wikipedia,,"General / Site, Software",,
"It seems like the web, particularly software as a service, provides ample opportunities for you to flourish economically, completely aligned with the broader open source community.",Matt Mullenweg,index_files\general_image-4493.png,Home Page (index.html); question (question.php); Software: Distribution methods (sw_distribution.php),https://en.wikipedia.org/wiki/File:Matt-at-wordcamp-bulgaria-2011.jpg#filelinks,Photo Wikipedia,,"General / Site, Software",,
A good programmer is someone who always looks both ways before crossing a one-way street. Doug Linder,Neil Gaiman,dc_browsing_files\general_image-1661.png,unused quotes (quotes.html),"https://commons.wikimedia.org/wiki/File:Gaiman,_Neil_(2007).jpg","Photo by pinguino k from North Hollywood, USA (Neil Gaiman) [CC BY 2.0 ], via Wikimedia Commons",CC BY 2.0,General / Site,,yes
"Computers in the future may have only 1,000 vacuum tubes and perhaps only weigh 1 1/2 tons. - Popular Mechanics, 1949",Neil Gaiman,dc_browsing_files\general_image-1661.png,unused quotes (quotes.html),"https://commons.wikimedia.org/wiki/File:Gaiman,_Neil_(2007).jpg","Photo by pinguino k from North Hollywood, USA (Neil Gaiman) [CC BY 2.0 ], via Wikimedia Commons",CC BY 2.0,General / Site,,yes
"Everyone says that the internet is so awesome because you can connect with people from all over the world, but I think it’s the opposite. The internet doesn’t make it easier to connect with anyone—it just makes it so you don’t really have to.” ― Sarah Ockler, Bittersweet",Neil Gaiman,dc_browsing_files\general_image-1661.png,unused quotes (quotes.html),"https://commons.wikimedia.org/wiki/File:Gaiman,_Neil_(2007).jpg","Photo by pinguino k from North Hollywood, USA (Neil Gaiman) [CC BY 2.0 ], via Wikimedia Commons",CC BY 2.0,General / Site,,yes
"I did Google him, you know."" ""Oh, so you GOOGLED him Oh, well, that changes everything then, doesn't it? What could I possibly worry about now that I know you've conducted such a thorough Internet search?” ― Alyson Noel, Fated",Neil Gaiman,dc_browsing_files\general_image-1661.png,unused quotes (quotes.html),"https://commons.wikimedia.org/wiki/File:Gaiman,_Neil_(2007).jpg","Photo by pinguino k from North Hollywood, USA (Neil Gaiman) [CC BY 2.0 ], via Wikimedia Commons",CC BY 2.0,General / Site,,yes
"I mean, all this stuff you're involved in, it's all gossip. It's people talking about each other behind their backs. That's the vast majority of this social media, all these reviews, all these comments. Your tools have elevated gossip, hearsay and conjecture to the level of valid, mainstream communication. And besides that, it's fucking dorky.” ― Dave Eggers, The Circle",Neil Gaiman,dc_browsing_files\general_image-1661.png,unused quotes (quotes.html),"https://commons.wikimedia.org/wiki/File:Gaiman,_Neil_(2007).jpg","Photo by pinguino k from North Hollywood, USA (Neil Gaiman) [CC BY 2.0 ], via Wikimedia Commons",CC BY 2.0,General / Site,,yes
"I think there is a world market for maybe five computers. - IBM Chairman Thomas Watson, 1943",Neil Gaiman,dc_browsing_files\general_image-1661.png,unused quotes (quotes.html),"https://commons.wikimedia.org/wiki/File:Gaiman,_Neil_(2007).jpg","Photo by pinguino k from North Hollywood, USA (Neil Gaiman) [CC BY 2.0 ], via Wikimedia Commons",CC BY 2.0,General / Site,,yes
"In the age of technology there is constant access to vast amounts of information. The basket overflows; people get overwhelmed; the eye of the storm is not so much what goes on in the world, it is the confusion of how to think, feel, digest, and react to what goes on.” ― Criss Jami, Venus in Arms",Neil Gaiman,dc_browsing_files\general_image-1661.png,unused quotes (quotes.html),"https://commons.wikimedia.org/wiki/File:Gaiman,_Neil_(2007).jpg","Photo by pinguino k from North Hollywood, USA (Neil Gaiman) [CC BY 2.0 ], via Wikimedia Commons",CC BY 2.0,General / Site,,yes
It is the greatest truth of our age: Information is not knowledge.” ― Caleb Carr,Neil Gaiman,dc_browsing_files\general_image-1661.png,unused quotes (quotes.html),"https://commons.wikimedia.org/wiki/File:Gaiman,_Neil_(2007).jpg","Photo by pinguino k from North Hollywood, USA (Neil Gaiman) [CC BY 2.0 ], via Wikimedia Commons",CC BY 2.0,General / Site,,yes
"Only on the Internet can a person be lonely and popular at the same time.” ― Allison Burnett, Undiscovered Gyrl",Neil Gaiman,dc_browsing_files\general_image-1661.png,unused quotes (quotes.html),"https://commons.wikimedia.org/wiki/File:Gaiman,_Neil_(2007).jpg","Photo by pinguino k from North Hollywood, USA (Neil Gaiman) [CC BY 2.0 ], via Wikimedia Commons",CC BY 2.0,General / Site,,yes
"Trivia are not knowledge. Lists of facts don't comprise knowledge. Analyzing, hypothesizing, concluding from data, sharing insights, those comprise knowledge. You can't google for knowledge.” ― Elaine Ostrach Chaika",Neil Gaiman,dc_browsing_files\general_image-1661.png,unused quotes (quotes.html),"https://commons.wikimedia.org/wiki/File:Gaiman,_Neil_(2007).jpg","Photo by pinguino k from North Hollywood, USA (Neil Gaiman) [CC BY 2.0 ], via Wikimedia Commons",CC BY 2.0,General / Site,,yes
Nanotechnology will let us build computers that are incredibly powerful. We'll have more power in the volume of a sugar cube than exists in the entire world today.,Ralph Merkle,quotes_files\general_image-67.png,unused quotes (quotes.html),https://commons.wikimedia.org/wiki/File:Ralph_Merkle.png,"Photo by david.orban [CC BY 2.0 ], via Wikimedia Commons",CC BY 2.0,General / Site,,
Free software is software that respects your freedom and the social solidarity of your community. So it's free as in freedom.,Richard Stallman,index_files\general_image-4457.png,Home Page (index.html); question (question.php); Software: Distribution methods (sw_distribution.php),https://commons.wikimedia.org/wiki/File:NicoBZH_-_Richard_Stallman_(by-sa)_(5).jpg,"By NicoBZH from Saint Etienne - Loire, France [CC BY-SA 2.0 ], via Wikimedia Commons",CC BY-SA 2.0,"General / Site, Software",,
"Proprietary software keeps users divided and helpless. Divided because each user is forbidden to redistribute it to others, and helpless because the users can't change it since they don't have the source code. They can't study what it really does. So the proprietary program is a system of unjust power.",Richard Stallman,index_files\general_image-4460.png,Home Page (index.html); question (question.php); Software: Distribution methods (sw_distribution.php),https://commons.wikimedia.org/wiki/File:NicoBZH_-_Richard_Stallman_(by-sa)_(5).jpg,"By NicoBZH from Saint Etienne - Loire, France [CC BY-SA 2.0 ], via Wikimedia Commons",CC BY-SA 2.0,"General / Site, Software",,
"Proprietary software grew up, starting really in the 1980s, as an alternative and that became the dominant model with the rise of companies like Microsoft and Oracle and the like.",Tim O'Reilly,index_files\general_image-4463.png,Home Page (index.html); question (question.php); Software: Distribution methods (sw_distribution.php),,"Photo (CC) Brian Solis, www.briansolis.com / bub.blicio.us",,"General / Site, Software",http://www.briansolis.com; http://bub.blicio.us,
The Internet browser is the most susceptible to viruses. The browser is naive about downloading and executing software. Google is trying to help by releasing the Chrome browser as open source.,Vint Cerf,index_files\general_image-4478.png,Home Page (index.html); question (question.php); Software: Distribution methods (sw_distribution.php),https://commons.wikimedia.org/wiki/File:Dr_Vint_Cerf_ForMemRS.jpg,"Photo: The Royal Society [CC BY-SA 3.0 or CC BY-SA 4.0], from Wikimedia Commons",CC BY-SA 3.0 or CC BY-SA 4.0,"General / Site, Software",,
"Virtual reality is Silicon Valley’s next new thing. Facebook and Google (not to mention Microsoft) are making huge bets on the technology and battling to control its future. Hollywood has jumped on the bandwagon, too: The best VR content is now showcased every year at the Sundance Film Festival.",Adam Fisher,,Hardware: Processing (hw_processing.php); HW Quotes (hw_quotes.php),,,,Hardware,,
The future lies in designing and selling computers that people don't realize are computers at all.,Adam Osborne,hw_processing_files\general_image-1209.png,Hardware: Processing (hw_processing.php); HW Quotes (hw_quotes.php),https://en.m.wikipedia.org/wiki/File:Tony_bove_adam_osborne_crop.jpg,Photo from Wikimedia Commons,,Hardware,,
"Moore’s law is astonishing, it’s beyond belief, it’s the dynamo of the modern age.",Alvy Ray Smith,hw_processing_files\general_image-1104.png,Hardware: Processing (hw_processing.php); HW Quotes (hw_quotes.php),https://commons.wikimedia.org/wiki/File:Alvy_Ray_Smith_Closeup_Portrait.jpg,"Photo by Alvy Ray Smith [CC BY-SA 3.0 ], from Wikimedia Commons",CC BY-SA 3.0,Hardware,,
Computers may save time but they sure waste a lot of paper. About 98 percent of everything printed out by a computer is garbage that no one ever reads.,Andy Rooney,hw_processing_files\general_image-1251.png,Hardware: Processing (hw_processing.php); HW Quotes (hw_quotes.php),https://commons.wikimedia.org/wiki/File:Andy_Rooney_(cropped).jpg,"Photo by Stephenson Brown (originally posted to Flickr as IMG_1902) [CC BY 2.0 ], via Wikimedia Commons",CC BY 2.0,Hardware,,
"If it draws blood, it's hardware.",Anonymous,,Hardware: Processing (hw_processing.php); HW Quotes (hw_quotes.php),,,,Hardware,,
Those parts of the system that you can hit with a hammer are called hardware; those program instructions that you can only curse at are called software.,Anonymous,,Hardware: Processing (hw_processing.php); HW Quotes (hw_quotes.php); Software: System software (sw_systems.php),,,,"Hardware, Software",,
"A printer consists of three main parts: the case, the jammed paper tray and the blinking red light",Author Unkown,,Hardware: Processing (hw_processing.php); HW Quotes (hw_quotes.php),,,,Hardware,,
"Like car accidents, most hardware problems are due to driver error.",Author Unkown,,Hardware: Processing (hw_processing.php); HW Quotes (hw_quotes.php); Software: System software (sw_systems.php),,,,"Hardware, Software",,
RAM /abr./: Rarely Adequate Memory.,Author Unkown,,Hardware: Processing (hw_processing.php); HW Quotes (hw_quotes.php),,,,Hardware,,
"I/O, I/O, It's off to disk I go, A bit or byte to read or write, I/O, I/O, I/O...","Author Unkown (sung to the tune of ""Hi Ho"" from Disney's Snow White and the Seven Dwarves)",,Hardware: Processing (hw_processing.php); HW Quotes (hw_quotes.php),,,,Hardware,,
"On my desk I have three screens, synchronized to form a single desktop. I can drag items from one screen to the next. Once you have that large display area, you'll never go back, because it has a direct impact on productivity.",Bill Gates,hw_processing_files\general_image-1245.png,Hardware: Processing (hw_processing.php); HW Quotes (hw_quotes.php),https://commons.wikimedia.org/wiki/File:Bill_Gates_July_2014.jpg,"Photo by DFID - UK Department for International Development (https://www.flickr.com/photos/dfid/14590135480/) [CC BY 2.0], via Wikimedia Commons",CC BY 2.0,Hardware,https://www.flickr.com/photos/dfid/14590135480/,
The microprocessor is a miracle.,Bill Gates,hw_processing_files\general_image-1233.png,Hardware: Processing (hw_processing.php); HW Quotes (hw_quotes.php),https://commons.wikimedia.org/wiki/File:Bill_Gates_July_2014.jpg,"Photo by DFID - UK Department for International Development (https://www.flickr.com/photos/dfid/14590135480/) [CC BY 2.0], via Wikimedia Commons",CC BY 2.0,Hardware,https://www.flickr.com/photos/dfid/14590135480/,
"When you want to do your homework, fill out your tax return, or see all the choices for a trip you want to take, you need a full-size screen.",Bill Gates,hw_processing_files\general_image-1254.png,Hardware: Processing (hw_processing.php); HW Quotes (hw_quotes.php),https://commons.wikimedia.org/wiki/File:Bill_Gates_July_2014.jpg,"Photo by DFID - UK Department for International Development (https://www.flickr.com/photos/dfid/14590135480/) [CC BY 2.0], via Wikimedia Commons",CC BY 2.0,Hardware,https://www.flickr.com/photos/dfid/14590135480/,
640 kb (of memory) ought to be enough for anybody…,Bill Gates - 1981 (disputed - he claims he never said it),hw_processing_files\general_image-1257.png,Hardware: Processing (hw_processing.php); HW Quotes (hw_quotes.php),https://commons.wikimedia.org/wiki/File:Bill_Gates_July_2014.jpg,"Photo by DFID - UK Department for International Development (https://www.flickr.com/photos/dfid/14590135480/) [CC BY 2.0], via Wikimedia Commons",CC BY 2.0,Hardware,https://www.flickr.com/photos/dfid/14590135480/,
"More than any other modern tool, computers are a total mystery to their users. Most people never open them up to fix them or to see how they work.",Clive Thompson,hw_processing_files\general_image-1206.png,Hardware: Processing (hw_processing.php); HW Quotes (hw_quotes.php),https://www.flickr.com/photos/cambodia4kidsorg/541413686/,Photo from Flikr,,Hardware,,
Hardware: This is the part of the computer that stops working when you spill beer on it.,Dave Barry,hw_processing_files\general_image-1285.png,Hardware: Processing (hw_processing.php); HW Quotes (hw_quotes.php),https://commons.wikimedia.org/wiki/File:Famous_author_Dave_Berry_(6884519916).jpg,"Photo by Charlie Cowins from Belmont, NC, USA (famous author Dave Berry) [CC BY 2.0 ], via Wikimedia Commons",CC BY 2.0,Hardware,,
Hardware: where the people in your company's software section will tell you the problem is. Software: where the people in your company's hardware section will tell you the problem is.,Dave Barry,hw_processing_files\general_image-1300.png,Hardware: Processing (hw_processing.php); HW Quotes (hw_quotes.php),https://commons.wikimedia.org/wiki/File:Famous_author_Dave_Berry_(6884519916).jpg,"Photo by Charlie Cowins from Belmont, NC, USA (famous author Dave Berry) [CC BY 2.0 ], via Wikimedia Commons",CC BY 2.0,Hardware,,
"Truth is, I wouldn't know a gigabyte from a snakebite.",Dolly Parton,hw_processing_files\general_image-1272.png,Hardware: Processing (hw_processing.php); HW Quotes (hw_quotes.php),https://hu.wikipedia.org/wiki/Fájl:Young-Dolly-Parton.jpg,Photo - Public domain from Wikipedia,Public domain,Hardware,,
A computer terminal is not some clunky old television with a typewriter in front of it. It is an interface where the mind and body can connect with the Universe and move bits of it about.,Douglas Adams,hw_processing_files\general_image-1221.png,Hardware: Processing (hw_processing.php); HW Quotes (hw_quotes.php),https://commons.wikimedia.org/wiki/File:Douglas_adams_portrait_cropped.jpg,"Photo by Douglas_adams_portrait.jpg: michael hughes from berlin, germanyderivative work: Beao (Douglas_adams_portrait.jpg) [CC BY-SA 2.0 ], via Wikimedia Commons",CC BY-SA 2.0,Hardware,,
"Moore’s law, prediction made by American engineer Gordon Moore in 1965 that the number of transistors per silicon chip doubles every year (later adjusted to 18 months / 2 years - this implies that processing power doubles during that time)",Gordon Moore,hw_processing_files\general_image-1278.png,Hardware: Processing (hw_processing.php); HW Quotes (hw_quotes.php),https://commons.wikimedia.org/wiki/File:Gordon_Moore_Scientists_You_Must_Know.png,"Photo by Science History Institute [CC BY-SA 3.0 ], via Wikimedia Commons",CC BY-SA 3.0,Hardware,,
"I think it's pretty pointless, my children learning to use a keyboard - we will just talk to our computers. Why would we not?",Julian Treasure,hw_processing_files\general_image-1269.png,Hardware: Processing (hw_processing.php); HW Quotes (hw_quotes.php),https://www.flickr.com/photos/125207874@N04/14334381748,Photo from Flikr,,Hardware,,
There is no reason for any individual to have a computer in his home.,Ken Olsen (1977),,Hardware: Processing (hw_processing.php); HW Quotes (hw_quotes.php),,,,Hardware,,
Every one of today's smartphones has thousands of times more processing power than the computers that guided astronauts to the moon.,Peter Thiel,hw_processing_files\general_image-1239.png,Hardware: Processing (hw_processing.php); HW Quotes (hw_quotes.php),https://commons.wikimedia.org/wiki/File:Peter_Thiel_by_Dan_Taylor.jpg,"Photo by Dan Taylor [CC BY 2.0 ], via Wikimedia Commons",CC BY 2.0,Hardware,,
Men and machines are good at different things. People form plans and make decisions in complicated situations. We are less good at making sense of enormous amounts of data. Computers are exactly the opposite: they excel at efficient data processing but struggle to make basic judgments that would be simple for any human.,Peter Thiel,hw_processing_files\general_image-1263.png,Hardware: Processing (hw_processing.php); HW Quotes (hw_quotes.php),https://commons.wikimedia.org/wiki/File:Peter_Thiel_by_Dan_Taylor.jpg,"Photo by Dan Taylor [CC BY 2.0 ], via Wikimedia Commons",CC BY 2.0,Hardware,,
The inside of a computer is as dumb as hell but it goes like mad!,Richard Feynman,hw_processing_files\general_image-1288.png,Hardware: Processing (hw_processing.php); HW Quotes (hw_quotes.php),https://it.wikipedia.org/wiki/File:Richard-feynman.jpg,Photo from Wikipedia,,Hardware,,
"By 2020, most home computers will have the computing power of a human brain. That doesn't mean that they are brains, but it means that in terms of raw processing, they can process bits as fast as a brain can. So the question is, how far behind that is the development of a machine that's as smart as we are?",Seth Shostak,hw_processing_files\general_image-1248.png,Hardware: Processing (hw_processing.php); HW Quotes (hw_quotes.php),https://commons.wikimedia.org/wiki/File:Seth-Shostak.jpg,"Photo by Seth Shostak [CC BY-SA 4.0 ], from Wikimedia Commons",CC BY-SA 4.0,Hardware,,
"(The CPU)… takes these very simple-minded instructions: 'Go fetch a number, add it to this number, put the result there, perceive if it's greater than this other number' - but executes them at a rate of, let's say, 1,000,000 per second. At 1,000,000 per second, the results appear to be magic.",Steve Jobs,hw_processing_files\general_image-1260.png,Hardware: Processing (hw_processing.php); HW Quotes (hw_quotes.php),https://commons.wikimedia.org/wiki/File:Steve_Jobs_Headshot_2010-CROP.jpg,"Photo by Matthew Yohe [CC BY-SA 3.0 or GFDL], via Wikimedia Commons",CC BY-SA 3.0 or GFDL,Hardware,https://en.wikipedia.org/wiki/User:Matt_Yohe,
(The mouse)… is going to be the primary interface of the computer of the future.”,Steve Jobs,hw_processing_files\general_image-1224.png,Hardware: Processing (hw_processing.php); HW Quotes (hw_quotes.php),https://commons.wikimedia.org/wiki/File:Steve_Jobs_Headshot_2010-CROP.jpg,"Photo by Matthew Yohe [CC BY-SA 3.0 or GFDL], via Wikimedia Commons",CC BY-SA 3.0 or GFDL,Hardware,https://en.wikipedia.org/wiki/User:Matt_Yohe,
"We're going to be able to ask our computers to monitor things for us, and when certain conditions happen, are triggered, the computers will take certain actions and inform us after the fact.",Steve Jobs,hw_processing_files\general_image-1275.png,Hardware: Processing (hw_processing.php); HW Quotes (hw_quotes.php),https://commons.wikimedia.org/wiki/File:Steve_Jobs_Headshot_2010-CROP.jpg,"Photo by Matthew Yohe [CC BY-SA 3.0 or GFDL], via Wikimedia Commons",CC BY-SA 3.0 or GFDL,Hardware,https://en.wikipedia.org/wiki/User:Matt_Yohe,
"As the world transitions to the Internet of Everything - where people, processes, and data are intelligently connected - we'll be linked in even more ways. Here, billions and trillions of sensors around the earth and in its atmosphere will send information back to machines, computers, and people for further evaluation and decision-making.",Tae Yoo,,Hardware: Processing (hw_processing.php); HW Quotes (hw_quotes.php),,,,Hardware,,
"Not everything that can be counted counts, and not everything that counts can be counted.",Albert Einstein,im_quotes_files\general_image-5066.png,IM Quotes (im_quotes.php),https://commons.wikimedia.org/wiki/File:Albert_Einstein_Head.jpg,"Photograph by Orren Jack Turner, Princeton, N.J. Modified with Photoshop by PM_Poon and later by Dantadd. [Public domain], via Wikimedia Commons",Public domain,Information Management,,
"File names should make sense to all users and readily identify the type, purpose and basic content of each file.",Annie Sisk,im_file_management_files\general_image-5399.png,Data Representation: File Management (im_file_management.php),,,,Information Management,,yes
"include file backup plans in your file management system. Ideally, you should create multiple backup copies of your files. Those backups should be stored on various computers, at least one of which is not located on your workplace premises. Be sure to specify who makes backups, how often and with what technology in your computer file management system.",Annie Sisk,im_file_management_files\general_image-5399.png,Data Representation: File Management (im_file_management.php),,,,Information Management,,
"… postponing file management creates a messy, unworkable system that costs time and efficiency.",Annie Sisk,im_file_management_files\general_image-5399.png,Data Representation: File Management (im_file_management.php),,,,Information Management,,yes
"ASCII stupid question, get a stupid ANSI!",Anonymous,,IM Quotes (im_quotes.php),,,,Information Management,,
BINARY: It's as easy as 01 10 11,Anonymous,,IM Quotes (im_quotes.php),,,,Information Management,,
There are only 10 types of people. Those who understand Binary and those who don’t.,Anonymous,,IM Quotes (im_quotes.php),,,,Information Management,,
There are only 11 types of people. Those who understand Roman Numerals and those who don’t.,Anonymous,,IM Quotes (im_quotes.php),,,,Information Management,,
Why do programmers always confuse Halloween and Christmas? Because 31 Oct = 25 Dec.,Anonymous,,IM Quotes (im_quotes.php),,,,Information Management,,
"When you die, you are 57005.",Anonymous (convert to Hexadecimal to get the joke),,IM Quotes (im_quotes.php),,,,Information Management,,
"Digital time does not flow; it flicks. Like any binary, discrete decision, it is either here or there. In contrast to our experience of the passing of time, digital time is always in the now, or in no time. It is still. Poised.",Douglas Rushkoff,im_quotes_files\general_image-4415.png,IM Quotes (im_quotes.php),https://commons.wikimedia.org/wiki/File:Douglas_Rushkoff.jpg,"Photo by FRONT from Belfast, Northern Ireland (Doug RushkoffUploaded by The Earwig) [CC BY 2.0], via Wikimedia Commons",CC BY 2.0,Information Management,,
"The simplest kind of decision is binary: that is, the question can be answered, in principle at least, by either yes or no.",E. J. W. Barber,,IM Quotes (im_quotes.php),,,,Information Management,,
"Anything that can unambiguously represent two values - while resisting, just a wee bit, randomly flipping from the state you want retained into the opposite state - can encode binary data.",Edward M. Lerner,,IM Quotes (im_quotes.php),,,,Information Management,,
"Digital organisms, while not necessarily any more alive than a phone book, are strings of code that replicate and evolve over time. Digital codes are strings of binary digits - bits.",George Dyson,im_quotes_files\general_image-5063.png,IM Quotes (im_quotes.php),,Photo Dr Mark E Minnie Wikipedia,,Information Management,,
"The virtue of binary is that it's the simplest possible way of representing numbers. Anything else is more complicated. You can catch errors with it, it's unambiguous in its reading, there are lots of good things about binary. So it is very, very simple once you learn how to read it.",George M. Whitesides,im_quotes_files\general_image-5069.png,IM Quotes (im_quotes.php),https://commons.wikimedia.org/wiki/File:George_Whitesides_HD2010_Othmer_Gold_Medal_portrait6.JPG,"Science History Institute [CC BY-SA 3.0 ], via Wikimedia Commons",CC BY-SA 3.0,Information Management,,
"At its most fundamental, information is a binary choice. In other words, a single bit of information is one yes-or-no choice.",James Gleick,im_quotes_files\general_image-5057.png,IM Quotes (im_quotes.php),https://commons.wikimedia.org/wiki/File:James_Gleick_color.jpg,"By JGleick [CC BY-SA 4.0 ], from Wikimedia Commons",CC BY-SA 4.0,Information Management,,
It's best to set up your file structure within one master folder; this makes backing up and moving stored files easier.,K.J. McCory,,Data Representation: File Management (im_file_management.php),,,,Information Management,,
"Sometimes electronic documents are stored under a single file folder, which is similar to storing all paper office documents in one file cabinet drawer, with no hanging files or Manila folders to categorize them.",K.J. McCory,,Data Representation: File Management (im_file_management.php),,,,Information Management,,
The average worker loses now over two hours looking for misplaced documents and emails on their computer.,K.J. McCory,,Data Representation: File Management (im_file_management.php),,,,Information Management,,
"All the data on your hard drive consists of files and folders. The basic difference between the two is that files store data, while folders store files and other folders.",Per Christensson,,Data Representation: File Management (im_file_management.php),,,,Information Management,,
"Anyone with a child knows that children learn about the world through binary options: up or down, hot or cold, big or little, inside or outside, wet or dry, good or bad, boy or girl, man or woman.",Phyllis Schlafly,im_quotes_files\general_image-5072.png,IM Quotes (im_quotes.php),https://commons.wikimedia.org/wiki/File:Phyllis_Schlafly_by_Gage_Skidmore_3.jpg,"Gage Skidmore [CC BY-SA 3.0 ], from Wikimedia Commons",CC BY-SA 3.0,Information Management,,
"The basic objective of a good filing system is to be able to find (what) you need quickly and economically, regardless of its format. The goal of a good filing system is to provide quick access to information.",Sacramento State University,,Data Representation: File Management (im_file_management.php),,,,Information Management,,
You should be consistent and descriptive in naming and organizing files so that it is obvious where to find specific data and what the files contain.,Stanford Libraries,,Data Representation: File Management (im_file_management.php),,,,Information Management,,
"Create other folders within these main folders as need arises. For instance, a folder called “Invoices” might contain folders called “2018”, “2017” and “2016”. A folder named for a client might include the folders ""customer data"" and ""correspondence"". The goal is to have every file in a folder rather than having a bunch of orphan files listed. Do not, however, create complex, deeply-layered folder structures. Wherever possible use descriptive file names instead.",Susan Ward,,Data Representation: File Management (im_file_management.php),,,,Information Management,,
Proper organization of digital documents is especially critical in a shared environment - if one of your employees is absent (temporarily or permanently!) you should be able to easily locate any documents created or managed by that person.,Susan Ward,,Data Representation: File Management (im_file_management.php),,,,Information Management,,
"The best time to file a document is when you first create it. So get in the habit of using the ""Save As"" dialogue box to file your document as well as name it, putting it in the right place in the first place.",Susan Ward,,Data Representation: File Management (im_file_management.php),,,,Information Management,,
Use plain language to name your folders; you don’t want to be looking at this list of folders in the future and wondering what “TFK” or whatever other interesting abbreviation you invented means.,Susan Ward,,Data Representation: File Management (im_file_management.php),,,,Information Management,,
It (access to IT & the intertnet) is no longer a luxury. This is serious. It’s really a social justice issue. It’s a 21st century civil rights issue.,Cheptoo Kositany-Buckner,,SI Quotes (si_quotes.html),,,,Social Implications,,
"I realised that you can never legislate away from piracy. Laws can definitely help, but it doesn't take away the problem. The only way to solve the problem was to create a service that was better than piracy and at the same time compensates the music industry - that gave us Spotify.",Daniel Ek,si_quotes_files\general_image-46.png,SI Quotes (si_quotes.html),https://commons.wikimedia.org/wiki/File:Cropped_image_of_Daniel_Ek.jpg,"By Patrik Ragnarsson from Linköping, Sweden (File:Mr Spotify (5576653027).jpgUploaded by Julle) [CC BY 2.0 ], via Wikimedia Commons",CC BY 2.0,Social Implications,,
"…you give Google a perpetual, irrevocable, worldwide, royalty-free, and non-exclusive license to reproduce, adapt, modify, translate, publish, publicly perform, publicly display and distribute any Content which you submit, post or display on or through, the Services.",Extract from the original Google Chrom EULA,,SI Quotes (si_quotes.html),,,,Social Implications,,
"When people talk to me about the digital divide, I think of it not so much about who has access to what technology as about who knows how to create and express themselves in the new language of the screen. If students aren't taught the language of sound and images, shouldn't they be considered as illiterate as if they left college without being able to read and write?",George Lucas,si_quotes_files\general_image-61.png,SI Quotes (si_quotes.html),https://commons.wikimedia.org/wiki/File:George_Lucas_cropped_2009.jpg,"By nicolas genin (Flickr) [CC BY-SA 2.0 ], via Wikimedia Commons",CC BY-SA 2.0,Social Implications,,
Soon the digital divide will not be between the haves and the have-nots. It will be between the know-hows and the non-know-hows.,Howard Rheingold,si_quotes_files\general_image-37.png,SI Quotes (si_quotes.html),https://commons.wikimedia.org/wiki/File:Howard_Rheingold_(5).jpg,"By Joi [CC BY 2.0 ], via Wikimedia Commons",CC BY 2.0,Social Implications,,
"Give people what they want, when they want it, in the form they want it in, at a reasonable price, and they'll more likely pay for it rather than steal it. Well, some will still steal it, but I think we can take a bite out of piracy.",Kevin Spacey,si_quotes_files\general_image-43.png,SI Quotes (si_quotes.html),https://commons.wikimedia.org/wiki/File:Kevin_Spacey_@_San_Diego_Comic-Con_2008.jpg,"By Pinguino k (flickr) [CC BY 2.0 ], via Wikimedia Commons",CC BY 2.0,Social Implications,,
"If you create something, you don't want someone else to go and profit from it; you have your right to make a living and everything. So I respect copyright. What I don't respect is copyright extremism. And I what I don't respect is a business model that encourages piracy.",Kim Dotcom,si_quotes_files\general_image-40.png,SI Quotes (si_quotes.html),https://commons.wikimedia.org/wiki/File:Kim_Dotcom-2.jpg,"By Robert O'Neill [CC BY-SA 4.0 ], from Wikimedia Commons",CC BY-SA 4.0,Social Implications,,
"Copyleft is a label that gives anyone else the right to use, modify and build upon an artist’s work, making the original belong to no one and to everyone.",Leslie Nguyen-Okwu,,SI Quotes (si_quotes.html),,,,Social Implications,,
"The Internet is not a luxury, it is a necessity.",President Barack Obama,si_quotes_files\general_image-49.png,SI Quotes (si_quotes.html),https://commons.wikimedia.org/wiki/File:Official_portrait_of_President_Barack_Obama_(8390033709).jpg,"By The White House from Washington, DC (P120612PS-0463Uploaded by ComputerHotline) [Public domain], via Wikimedia Commons",Public domain,Social Implications,,
It is dangerously destabilizing to have half the world on the cutting edge of technology while the other half struggles on the bare edge of survival.,President Bill (William J) Clinton,si_quotes_files\general_image-52.png,SI Quotes (si_quotes.html),https://commons.wikimedia.org/wiki/File:Bill_Clinton_(2015).jpg,"By Chris Savas (Derived from Flickr) [CC BY 4.0 ], via Wikimedia Commons",CC BY 4.0,Social Implications,,
"… know of the dangers and inequities of the traditional digital divide: People who have good access tocomputer networks have a distinct advantage - in terms of both life opportunities and quality of life, I would argue - over the vast majority of the world's population that does not yet have good access to computer networks.",Tom Peters,,SI Quotes (si_quotes.html),,,,Social Implications,,
Creative Commons is an alternative to traditional copyright that allows content creators to keep their rights while permitting certain uses of their works—a “some rights” reserved” license.,Unknown,,SI Quotes (si_quotes.html),,,,Social Implications,,
There's something that happens with the collection of a large amount of data when it's dumped into an Excel spreadsheet or put into a pie chart. You run the risk of completely missing what it's about.,Aaron Koblin,sw_applications_files\general_image-5408.png,Software: Application Software (sw_applications.php),https://commons.wikimedia.org/wiki/File:Aaron-Koblin-2016.jpg,"By Chris Milk (Artist) [CC BY-SA 4.0 ], via Wikimedia Commons",CC BY-SA 4.0,Software,,
"I was like, 'I want us to stop using that term. I'm not a 'girl gamer.' I'm just a gamer.' The reasons I love gaming are the same reasons everyone loves gaming.",Aisha Tyler,sw_applications_files\general_image-5441.png,Software: Application Software (sw_applications.php),https://commons.wikimedia.org/wiki/File:Aisha_Tyler_SDCC_2014.jpg,"By Gage Skidmore [CC BY-SA 2.0 ], via Wikimedia Commons",CC BY-SA 2.0,Software,,
"Every age has its storytelling form, and video gaming is a huge part of our culture. You can ignore or embrace video games and imbue them with the best artistic quality. People are enthralled with video games in the same way as other people love the cinema or theatre.","Andy SerkisGage Skidmore [CC BY-SA 3.0 ], from Wikimedia Commons",sw_applications_files\general_image-5429.png,Software: Application Software (sw_applications.php),https://commons.wikimedia.org/wiki/File:Andy_Serkis_by_Gage_Skidmore_2.jpg,,CC BY-SA 3.0,Software,,
DOS (the CLI) is ugly and interferes with users' experience.,Bill Gates,sw_systems_files\general_image-4460.png,Software: System software (sw_systems.php),https://commons.wikimedia.org/wiki/File:Bill_Gates_July_2014.jpg,"Photo by DFID - UK Department for International Development (https://www.flickr.com/photos/dfid/14590135480/) [CC BY 2.0], via Wikimedia Commons",CC BY 2.0,Software,https://www.flickr.com/photos/dfid/14590135480/,
Software is a great combination between artistry and engineering.,Bill Gates,sw_systems_files\general_image-4421.png,Software: System software (sw_systems.php),,,,Software,,
"The future of Windows is to let the computer see, listen and even learn.",Bill Gates,sw_systems_files\general_image-4448.png,Software: System software (sw_systems.php),https://commons.wikimedia.org/wiki/File:Bill_Gates_July_2014.jpg,"Photo by DFID - UK Department for International Development (https://www.flickr.com/photos/dfid/14590135480/) [CC BY 2.0], via Wikimedia Commons",CC BY 2.0,Software,https://www.flickr.com/photos/dfid/14590135480/,
"Software is much more difficult for people to understand than hardware. Hardware, you can pick it up and touch it and feel it and see what it looks like and so on. Software is more mysterious.",Bob Taylor,sw_systems_files\general_image-1297.png,Software: System software (sw_systems.php),https://commons.wikimedia.org/wiki/File:Bob_Taylor_in_2008.jpg,"Photo by Gardner Campbell [CC BY-SA 2.0 ], via Wikimedia Commons",CC BY-SA 2.0,Software,,
"Looking ahead, we see the popularity of eSports exploding as competitive gaming becomes more mainstream and eSports leagues like 'Call of Duty' World League and Overwatch League driving greater engagement and viewership.",Bobby Kotick,sw_applications_files\general_image-5438.png,Software: Application Software (sw_applications.php),https://commons.wikimedia.org/wiki/File:Bobby_Kotick_in_NYC_photographed_by_Jordan_Matter.jpg,"By Bobby Kotick [CC BY-SA 2.0 ], via Wikimedia Commons",CC BY-SA 2.0,Software,,
"Editing is now the easiest thing on earth to do, and all the things that evolved out of word processing - 'Oh, let's put that sentence there, let's get rid of this' - have become commonplace in films and music too.","Brian EnoBy cosciansky (originally posted to Flickr as Life of Brian) [CC BY 2.0 ], via Wikimedia Commons",sw_applications_files\general_image-4415.png,Software: Application Software (sw_applications.php),https://commons.wikimedia.org/wiki/File:Brian_Eno_2008.jpg,,CC BY 2.0,Software,,
"I was home-schooled, was always very close with my mom, and was very straight-laced and square. I was never the rebellious one, and I never threw hissy fits. I was the type of person that would show a Powerpoint presentation about why I should do something versus crying and screaming over it.",Brie Larson,sw_applications_files\general_image-5414.png,Software: Application Software (sw_applications.php),https://commons.wikimedia.org/wiki/File:Brie_Larson_in_2017.jpeg,"By Dick Thomas Johnson from Tokyo, Japan [CC BY 2.0 ], via Wikimedia Commons",CC BY 2.0,Software,,
"In the smart home of the future, there should be a robot designed to talk to you. With enough display technology, connectivity, and voice recognition, this human-interface robot or head-of-household robot will serve as a portal to the digital domain. It becomes your interface to your robot-enabled home.",Colin Angle,sw_systems_files\general_image-4451.png,Software: System software (sw_systems.php),https://www.flickr.com/photos/janitors/13058793975,Photo Flikr,,Software,,
"In addition to making Android available for free, Google also lets phone makers change the code and customize it so that an Android phone made by, say, Samsung has a different user interface than an Android phone from Motorola.",Daniel Lyons,sw_systems_files\general_image-4481.png,Software: System software (sw_systems.php),https://commons.wikimedia.org/wiki/File:DanielLyons.jpg,"By Mark Coggins from San Francisco (Fake Steve Jobs) [CC BY 2.0 ], via Wikimedia Commons",CC BY 2.0,Software,,
"After ten years of word processing, I can't even do hand writing anymore.",Douglas Adams,sw_applications_files\general_image-5384.png,Software: Application Software (sw_applications.php),https://commons.wikimedia.org/wiki/File:Douglas_adams_portrait_cropped.jpg,"Photo by Douglas_adams_portrait.jpg: michael hughes from berlin, germanyderivative work: Beao (Douglas_adams_portrait.jpg) [CC BY-SA 2.0 ], via Wikimedia Commons",CC BY-SA 2.0,Software,,
Closed environments dominated the computing world of the 1970s and early '80s. An operating system written for a Hewlett-Packard computer ran only on H.P. computers; I.B.M. controlled its software from chips up to the user interfaces.,Ellen Ullman,,Software: System software (sw_systems.php),,,,Software,,
"(talking about Linux) …a world-class operating system could coalesce as if by magic out of part-time hacking by several thousand developers scattered all over the planet, connected only by the tenuous strands of the Internet?","Excerpt From: Tim O'Reilly. “WTF?.”Photo (CC) Brian Solis, www.briansolis.com / bub.blicio.us",sw_systems_files\general_image-4412.png,Software: System software (sw_systems.php),,,,Software,http://www.briansolis.com; http://bub.blicio.us,
"When the simple word processors came in, writing became crisper, less dense - just because of the way we could instantly edit on the screen. Now the ability to mash up words and pictures and links and songs and tweets is what matters. I can't imagine what writing will be like in 2154.",Gail Collins,,Software: Application Software (sw_applications.php),,,,Software,,
"When designers replaced the command line interface with the graphical user interface, billions of people who are not programmers could make use of computer technology.",Howard Rheingold,sw_systems_files\general_image-4457.png,Software: System software (sw_systems.php),https://commons.wikimedia.org/wiki/File:Howard_Rheingold_(5).jpg,"By Joi [CC BY 2.0 ], via Wikimedia Commons",CC BY 2.0,Software,,
"We have met the Devil of Information Overload and his impish underlings, the computer virus, the busy signal, the dead link, and the PowerPoint presentation.",James Gleick,sw_applications_files\general_image-5417.png,Software: Application Software (sw_applications.php),https://commons.wikimedia.org/wiki/File:James_Gleick_color.jpg,"By JGleick [CC BY-SA 4.0 ], from Wikimedia Commons",CC BY-SA 4.0,Software,,
"As far as the customer is concerned, the interface is the product.",Jef Raskin,sw_systems_files\general_image-4475.png,Software: System software (sw_systems.php),https://commons.wikimedia.org/wiki/File:Jef_Raskin_holding_Canon_Cat_model.png,"By Aza Raskin;Perteghella at it.wikipedia [CC BY 2.0 or CC BY 2.5 ], from Wikimedia Commons",CC BY 2.0 or CC BY 2.5,Software,,
The downside of word processing - it's quite possible to never end a work-in-progress. Jim Starlin,Jim Starlin,sw_applications_files\general_image-5387.png,Software: Application Software (sw_applications.php),https://commons.wikimedia.org/wiki/File:Jim_Starlin_(2006).jpg,"By Kim Scarborough [CC BY-SA 2.5 ], from Wikimedia Commons",CC BY-SA 2.5,Software,,
I feel like touchscreen technology blows my mind still. It just makes me think of all of the sci-fi films I enjoyed as a kid.,Joe Trohman,sw_systems_files\general_image-4466.png,Software: System software (sw_systems.php),https://commons.wikimedia.org/wiki/File:Fall_Out_Boy%27s_Joe_Trohman_performs_to_open_the_2016_T-Mobile_-HRDerby._(28004207334).jpg,"By Arturo Pardavila III from Hoboken, NJ, USA [CC BY 2.0 ], via Wikimedia Commons",CC BY 2.0,Software,,
"If you need to do a movie where you have an army of 10,000 soldiers, that's a very difficult thing to shoot for real. It's very expensive, but as computer graphics techniques make that cheaper, it'll be more possible to make pictures on an epic scale, which we haven't really seen since the '50s and '60s.",John Knoll,sw_applications_files\general_image-5426.png,Software: Application Software (sw_applications.php),https://commons.wikimedia.org/wiki/File:John_Knoll_(2)_(cropped).jpg,"By Star Wars (Seth Green & John Knoll) [CC BY 2.0 ], via Wikimedia Commons",CC BY 2.0,Software,,
It is sad that so many designers don't know how to make. CAD software can make a bad design look palatable! It is sad that four years can be spent on a 3D design course without making anything! People who are great at designing and making have a great advantage.,Jonathan Ive,sw_applications_files\general_image-5420.png,Software: Application Software (sw_applications.php),https://commons.wikimedia.org/wiki/File:Jonathan_Ive_(OTRS).jpg,"By Marcus Daweshttp://www.marcusdawes.commarcus@marcusdawes.com (Contact us/Photo submission) [CC BY-SA 3.0 or Attribution], via Wikimedia Commons",CC BY-SA 3.0 or Attribution,Software,http://www.marcusdawes.commarcus@marcusdawes.com,
"I've felt strongly that the advantage of Linux is that it doesn't have a niche or any special market, but that different individuals and companies end up pushing it in the direction they want, and as such you end up with something that is pretty balanced across the board.",Linus Torvalds,sw_systems_files\general_image-4427.png,Software: System software (sw_systems.php),https://commons.wikimedia.org/wiki/File:Linus_Torvalds.jpeg,"By Unknown photographer who sold rights to the picture to linuxmag.com [GFDL or CC-BY-SA-3.0], via Wikimedia Commons",GFDL or CC-BY-SA-3.0,Software,,
"If the Net becomes the center of the universe, which is what seems to be happening, then the dizzying array of machines that will be plugged into it will virtually guarantee that the specifics of which chip and which operating system you've got will be irrelevant.",Marc Andreessen,sw_systems_files\general_image-4436.png,Software: System software (sw_systems.php),https://commons.wikimedia.org/wiki/File:Marc_Andreessen_(1).jpg,"Photo by Joi [CC BY 2.0 ], via Wikimedia Commons",CC BY 2.0,Software,,
The hands are the instruments of man’s intelligence.,"Maria MontessoriSee page for author [Public domain], via Wikimedia Commons",sw_systems_files\general_image-4469.png,Software: System software (sw_systems.php),https://commons.wikimedia.org/wiki/File:Maria_Montessori_(portrait).jpg,,,Software,,
"Put your goals on paper, or an Excel spreadsheet. Measure every day, 'Did I do my best to...?' Your problems won't disappear, but you will exist in a different relation to them, and you will improve.",Marshall Goldsmith,sw_applications_files\general_image-5399.png,Software: Application Software (sw_applications.php),https://commons.wikimedia.org/wiki/File:Marshall_Goldsmith_and_Nigel_Cumberland_(cropped).JPG,"By PipMan12345 [CC BY-SA 4.0 ], from Wikimedia Commons",CC BY-SA 4.0,Software,,
"If gaming were seen as an art, the important question would be not whether games are good for us but whether they are good, full stop.",Naomi Alderman,,Software: Application Software (sw_applications.php),,,,Software,,
"Neural implants could accomplish things no external interface could: Virtual and augmented reality with all five senses; augmentation of human memory, attention, and learning speed; even multi-sense telepathy - sharing what we see, hear, touch, and even perhaps what we think and feel with others.",Ramez Naam,sw_systems_files\general_image-4478.png,Software: System software (sw_systems.php),https://commons.wikimedia.org/wiki/File:Ramez_Naam_at_the_SingularityU_The_Netherlands_Summit_2016_(29025926993)_(cropped).jpg,"By Sebastiaan ter Burg from Utrecht, The Netherlands [CC BY 2.0 ], via Wikimedia Commons",CC BY 2.0,Software,,
"I think by drawing, so I'll draw or diagram everything from a piece of furniture to a stage gesture. I understand things best when they're in graphics, not words.",Robert Wilson,,Software: Application Software (sw_applications.php),,,,Software,,
"I come from Wall Street, and you'll never see me do a PowerPoint because I'm all about Excel spreadsheets. If it's not in the numbers, I don't care how strategic it is; it doesn't play out.",Safra A. Catz,sw_applications_files\general_image-5402.png,Software: Application Software (sw_applications.php),https://commons.wikimedia.org/wiki/File:Safra_Catz.JPG,"By Ilan Costica [CC BY-SA 3.0 or GFDL], from Wikimedia Commons",CC BY-SA 3.0 or GFDL,Software,,
Microsoft loves Linux.,Satya Nadella,sw_systems_files\general_image-4424.png,Software: System software (sw_systems.php),https://commons.wikimedia.org/wiki/File:MS-Exec-Nadella-Satya-2017-08-31-14.jpg,"Photo by Brian Smale and Microsoft (Satya Nadella Microsoft leadership profile page) [CC BY-SA 4.0 ], via Wikimedia Commons",CC BY-SA 4.0,Software,,
"Education should learn from the positive side of gaming - reward, accomplishment, and fun.",Sebastian Thrun,sw_applications_files\general_image-5432.png,Software: Application Software (sw_applications.php),https://commons.wikimedia.org/wiki/File:Sebastian_Thrun_World_Economic_Forum_2013.jpg,"By World Economic Forum (Flickr: Future transportation: Sebastian Thrun) [CC BY-SA 2.0 ], via Wikimedia Commons",CC BY-SA 2.0,Software,,
The most used program in computers and education is PowerPoint. What are you learning about the nature of the medium by knowing how do to a great PowerPoint presentation? Nothing.,Sherry Turkle,sw_applications_files\general_image-5411.png,Software: Application Software (sw_applications.php),https://www.flickr.com/photos/jeanbaptisteparis/3348579053,Photo by jeanbaptisteparis on Flikr,,Software,,
"First was the mouse. The second was the click wheel. And now, we're going to bring multi-touch to the market. And each of these revolutionary interfaces has made possible a revolutionary product - the Mac, the iPod and now the iPhone.",Steve Jobs,sw_systems_files\general_image-4472.png,Software: System software (sw_systems.php),https://commons.wikimedia.org/wiki/File:Steve_Jobs_Headshot_2010-CROP.jpg,"Photo by Matthew Yohe [CC BY-SA 3.0 or GFDL], via Wikimedia Commons",CC BY-SA 3.0 or GFDL,Software,https://en.wikipedia.org/wiki/User:Matt_Yohe,
"The manual for WordStar, the most popular word-processing program, is 400 pages thick. To write a novel, you have to read a novel - one that reads like a mystery to most people. They're not going to learn slash q-z any more than they're going to learn Morse code. That is what Macintosh is all about.",Steve Jobs,sw_applications_files\general_image-5393.png,Software: Application Software (sw_applications.php),https://commons.wikimedia.org/wiki/File:Steve_Jobs_Headshot_2010-CROP.jpg,"Photo by Matthew Yohe [CC BY-SA 3.0 or GFDL], via Wikimedia Commons",CC BY-SA 3.0 or GFDL,Software,https://en.wikipedia.org/wiki/User:Matt_Yohe,
"There's no other company that could make a MacBook Air and the reason is that not only do we control the hardware, but we control the operating system. And it is the intimate interaction between the operating system and the hardware that allows us to do that. There is no intimate interaction between Windows and a Dell notebook.",Steve Jobs,sw_systems_files\general_image-4433.png,Software: System software (sw_systems.php),https://commons.wikimedia.org/wiki/File:Steve_Jobs_Headshot_2010-CROP.jpg,"Photo by Matthew Yohe [CC BY-SA 3.0 or GFDL], via Wikimedia Commons",CC BY-SA 3.0 or GFDL,Software,https://en.wikipedia.org/wiki/User:Matt_Yohe,
"All through the 1980s, Apple kept its prices high. There were many reasons Microsoft's much bigger user base managed to resist moving to the GUI - but price was high among them. Steven Levy",Steven Levy,sw_systems_files\general_image-4454.png,Software: System software (sw_systems.php),https://commons.wikimedia.org/wiki/File:Steven_Levy_(1).jpg,"Photo by Joi [CC BY 2.0 ], via Wikimedia Commons",CC BY 2.0,Software,,
"I love spreadsheets. I do all the finances. I pay the publicists. I have to compartmentalize the creative and the business, so there are sacrifices. But ultimately, I get to be the CEO of my own business.",Verite,,Software: Application Software (sw_applications.php),,,,Software,,
I wrote a lot about the need for an information appliance. I think we've pretty much arrived at one: the iPad. A child could figure out how to use it quickly. Compare it to a DOS computer or even an Apple II; it's no longer nearly as much of a hassle or a mystery.,Walt Mossberg,sw_systems_files\general_image-4463.png,Software: System software (sw_systems.php),https://commons.wikimedia.org/wiki/File:Walt_Mossberg_at_TPS09_(cropped).jpg,"By Andrew Feinberg (DSC_0002.JPG) [CC BY-SA 2.0 or CC BY-SA 3.0 ], via Wikimedia Commons",CC BY-SA 2.0 or CC BY-SA 3.0,Software,,
"…like all premium Samsung phones, runs Android with the basic Google suite of apps, Samsung keeps trying to duplicate Android functions with its own software.It wants to be a software platform like its rival Apple, but it uses someone else's operating system and core apps. Awkward.",Walt Mossberg,sw_systems_files\general_image-4439.png,Software: System software (sw_systems.php),https://commons.wikimedia.org/wiki/File:Walt_Mossberg_at_TPS09_(cropped).jpg,"By Andrew Feinberg (DSC_0002.JPG) [CC BY-SA 2.0 or CC BY-SA 3.0 ], via Wikimedia Commons",CC BY-SA 2.0 or CC BY-SA 3.0,Software,,
"Microsoft's Windows 3.1, released in 1992, was the first truly successful edition of Windows and juiced the Redmond juggernaut.",Walt Mossberg,sw_systems_files\general_image-4430.png,Software: System software (sw_systems.php),https://commons.wikimedia.org/wiki/File:Walt_Mossberg_at_TPS09_(cropped).jpg,"By Andrew Feinberg (DSC_0002.JPG) [CC BY-SA 2.0 or CC BY-SA 3.0 ], via Wikimedia Commons",CC BY-SA 2.0 or CC BY-SA 3.0,Software,,
"The word processor is a better tool than a quill pen because you can do so much more with it, but on the other hand, what you have to say and how you say it is the ultimate determination.",Walter Murch,sw_applications_files\general_image-5390.png,Software: Application Software (sw_applications.php),https://commons.wikimedia.org/wiki/File:Walter_Murch.jpg,"By Beatrice Murch (https://www.flickr.com/photos/blmurch/3125280264/) [CC BY 2.0 ], via Wikimedia Commons",CC BY 2.0,Software,https://www.flickr.com/photos/blmurch/3125280264/,
"I am extraordinarily fascinated by the future of technology. We are in the early infancy of technology, and we have an opportunity to guide how technology develops and integrates into our lives. I talk a lot about the 'invisible interface,' or the idea that we can utilize technology without being absorbed into a screen.",Yves Behar,sw_systems_files\general_image-4415.png,Software: System software (sw_systems.php),https://commons.wikimedia.org/wiki/File:Yves_B%C3%A9har.jpg,"By Larrajonan [CC BY-SA 4.0 ], from Wikimedia Commons",CC BY-SA 4.0,Software,,
